北京,北京,东城区,是
北京,北京,西城区,是
北京,北京,崇文区,是
北京,北京,宣武区,是
北京,北京,朝阳区,是
北京,北京,丰台区,是
北京,北京,石景山区,是
北京,北京,海淀区,是
北京,北京,门头沟区,是
北京,北京,房山区,是
北京,北京,通州区,是
北京,北京,顺义区,是
北京,北京,昌平区,是
北京,北京,大兴区,是
北京,北京,怀柔区,是
北京,北京,平谷区,是
北京,北京,密云区,是
北京,北京,延庆县,是
天津,天津,和平区,是
天津,天津,河东区,是
天津,天津,河西区,是
天津,天津,南开区,是
天津,天津,河北区,是
天津,天津,红桥区,是
天津,天津,塘沽区,是
天津,天津,汉沽区,是
天津,天津,大港区,是
天津,天津,东丽区,是
天津,天津,西青区,是
天津,天津,津南区,是
天津,天津,北辰区,是
天津,天津,武清区,是
天津,天津,宝坻区,是
天津,天津,宁河县,否
天津,天津,静海县,否
天津,天津,蓟县,否
河北,石家庄市,长安区,否
河北,石家庄市,桥东区,否
河北,石家庄市,桥西区,否
河北,石家庄市,新华区,否
河北,石家庄市,井陉矿区,否
河北,石家庄市,裕华区,否
河北,石家庄市,辛集市,否
河北,石家庄市,藁城市,否
河北,石家庄市,晋州市,否
河北,石家庄市,新乐市,否
河北,石家庄市,鹿泉市,否
河北,石家庄市,井陉县,否
河北,石家庄市,正定县,否
河北,石家庄市,栾城县,否
河北,石家庄市,行唐县,否
河北,石家庄市,灵寿县,否
河北,石家庄市,高邑县,否
河北,石家庄市,深泽县,否
河北,石家庄市,赞皇县,否
河北,石家庄市,无极县,否
河北,石家庄市,平山县,否
河北,石家庄市,元氏县,否
河北,石家庄市,赵县,否
河北,唐山市,路北区,否
河北,唐山市,路南区,否
河北,唐山市,古冶区,否
河北,唐山市,开平区,否
河北,唐山市,丰南区,否
河北,唐山市,丰润区,否
河北,唐山市,遵化市,否
河北,唐山市,迁安市,否
河北,唐山市,滦县,否
河北,唐山市,滦南县,否
河北,唐山市,乐亭县,否
河北,唐山市,迁西县,否
河北,唐山市,玉田县,否
河北,唐山市,唐海县,否
河北,秦皇岛市,海港区,否
河北,秦皇岛市,山海关区,否
河北,秦皇岛市,北戴河区,否
河北,秦皇岛市,昌黎县,否
河北,秦皇岛市,抚宁县,否
河北,秦皇岛市,卢龙县,否
河北,秦皇岛市,青龙县,否
河北,邯郸市,丛台区,否
河北,邯郸市,邯山区,否
河北,邯郸市,复兴区,否
河北,邯郸市,峰峰矿区,否
河北,邯郸市,武安市,否
河北,邯郸市,邯郸县,否
河北,邯郸市,临漳县,否
河北,邯郸市,成安县,否
河北,邯郸市,大名县,否
河北,邯郸市,涉县,否
河北,邯郸市,磁县,否
河北,邯郸市,肥乡县,否
河北,邯郸市,永年县,否
河北,邯郸市,邱县,否
河北,邯郸市,鸡泽县,否
河北,邯郸市,广平县,否
河北,邯郸市,馆陶县,否
河北,邯郸市,魏县,否
河北,邯郸市,曲周县,否
河北,邢台市,桥东区,否
河北,邢台市,桥西区,否
河北,邢台市,南宫市,否
河北,邢台市,沙河市,否
河北,邢台市,邢台县,否
河北,邢台市,临城县,否
河北,邢台市,内丘县,否
河北,邢台市,柏乡县,否
河北,邢台市,隆尧县,否
河北,邢台市,任县,否
河北,邢台市,南和县,否
河北,邢台市,宁晋县,否
河北,邢台市,巨鹿县,否
河北,邢台市,新河县,否
河北,邢台市,广宗县,否
河北,邢台市,平乡县,否
河北,邢台市,威县,否
河北,邢台市,清河县,否
河北,邢台市,临西县,否
河北,保定市,新市区,否
河北,保定市,北市区,否
河北,保定市,南市区,否
河北,保定市,涿州市,否
河北,保定市,定州市,否
河北,保定市,安国市,否
河北,保定市,高碑店市,否
河北,保定市,满城县,否
河北,保定市,清苑县,否
河北,保定市,涞水县,否
河北,保定市,阜平县,否
河北,保定市,徐水县,否
河北,保定市,定兴县,否
河北,保定市,唐县,否
河北,保定市,高阳县,否
河北,保定市,容城县,否
河北,保定市,涞源县,否
河北,保定市,望都县,否
河北,保定市,安新县,否
河北,保定市,易县,否
河北,保定市,曲阳县,否
河北,保定市,蠡县,否
河北,保定市,顺平县,否
河北,保定市,博野县,否
河北,保定市,雄县,否
河北,张家口市,桥西区,否
河北,张家口市,桥东区,否
河北,张家口市,宣化区,否
河北,张家口市,下花园区,否
河北,张家口市,宣化县,否
河北,张家口市,张北县,否
河北,张家口市,康保县,否
河北,张家口市,沽源县,否
河北,张家口市,尚义县,否
河北,张家口市,蔚县,否
河北,张家口市,阳原县,否
河北,张家口市,怀安县,否
河北,张家口市,万全县,否
河北,张家口市,怀来县,否
河北,张家口市,涿鹿县,否
河北,张家口市,赤城县,否
河北,张家口市,崇礼县,否
河北,承德市,双桥区,否
河北,承德市,双滦区,否
河北,承德市,鹰手营子,否
河北,承德市,承德县,否
河北,承德市,兴隆县,否
河北,承德市,平泉县,否
河北,承德市,滦平县,否
河北,承德市,隆化县,否
河北,承德市,丰宁县,否
河北,承德市,宽城县,否
河北,承德市,围场县,否
河北,沧州市,运河区,否
河北,沧州市,新华区,否
河北,沧州市,泊头市,否
河北,沧州市,任丘市,否
河北,沧州市,黄骅市,否
河北,沧州市,河间市,否
河北,沧州市,沧县,否
河北,沧州市,青县,否
河北,沧州市,东光县,否
河北,沧州市,海兴县,否
河北,沧州市,盐山县,否
河北,沧州市,肃宁县,否
河北,沧州市,南皮县,否
河北,沧州市,吴桥县,否
河北,沧州市,献县,否
河北,沧州市,孟村县,否
河北,廊坊市,安次区,否
河北,廊坊市,广阳区,否
河北,廊坊市,霸州市,否
河北,廊坊市,三河市,否
河北,廊坊市,固安县,否
河北,廊坊市,永清县,否
河北,廊坊市,香河县,否
河北,廊坊市,大城县,否
河北,廊坊市,文安县,否
河北,廊坊市,大厂回族自治县,否
河北,廊坊市,开发区,否
河北,廊坊市,燕郊经济技术开发区,否
河北,衡水市,桃城区,否
河北,衡水市,冀州市,否
河北,衡水市,深州市,否
河北,衡水市,枣强县,否
河北,衡水市,武邑县,否
河北,衡水市,武强县,否
河北,衡水市,饶阳县,否
河北,衡水市,安平县,否
河北,衡水市,故城县,否
河北,衡水市,景县,否
河北,衡水市,阜城县,否
山西,太原市,小店区,否
山西,太原市,迎泽区,否
山西,太原市,杏花岭区,否
山西,太原市,尖草坪区,否
山西,太原市,万柏林区,否
山西,太原市,晋源区,否
山西,太原市,清徐县,否
山西,太原市,阳曲县,否
山西,太原市,娄烦县,否
山西,太原市,古交市,否
山西,大同市,新荣区,否
山西,大同市,阳高县,否
山西,大同市,天镇县,否
山西,大同市,广灵县,否
山西,大同市,灵丘县,否
山西,大同市,浑源县,否
山西,大同市,左云县,否
山西,大同市,大同县,否
山西,大同市,南郊区,否
山西,大同市,矿区,否
山西,大同市,城区,否
山西,阳泉市,平定县,否
山西,阳泉市,盂县,否
山西,阳泉市,城区,否
山西,阳泉市,矿区,否
山西,阳泉市,郊区,否
山西,长治市,长治县,否
山西,长治市,襄垣县,否
山西,长治市,屯留县,否
山西,长治市,平顺县,否
山西,长治市,黎城县,否
山西,长治市,壶关县,否
山西,长治市,长子县,否
山西,长治市,武乡县,否
山西,长治市,沁县,否
山西,长治市,沁源县,否
山西,长治市,潞城市,否
山西,长治市,城区,否
山西,长治市,郊区,否
山西,长治市,高新区,否
山西,晋城市,沁水县,否
山西,晋城市,阳城县,否
山西,晋城市,陵川县,否
山西,晋城市,泽州县,否
山西,晋城市,高平市,否
山西,晋城市,城区,否
山西,朔州市,朔城区,否
山西,朔州市,平鲁区,否
山西,朔州市,应县,否
山西,朔州市,右玉县,否
山西,朔州市,怀仁县,否
山西,朔州市,山阴县,否
山西,晋中市,榆次区,否
山西,晋中市,榆社县,否
山西,晋中市,左权县,否
山西,晋中市,和顺县,否
山西,晋中市,昔阳县,否
山西,晋中市,寿阳县,否
山西,晋中市,太谷县,否
山西,晋中市,祁县,否
山西,晋中市,平遥县,否
山西,晋中市,灵石县,否
山西,晋中市,介休市,否
山西,运城市,盐湖区,否
山西,运城市,临猗县,否
山西,运城市,万荣县,否
山西,运城市,闻喜县,否
山西,运城市,稷山县,否
山西,运城市,新绛县,否
山西,运城市,绛县,否
山西,运城市,垣曲县,否
山西,运城市,夏县,否
山西,运城市,平陆县,否
山西,运城市,芮城县,否
山西,运城市,永济市,否
山西,运城市,河津市,否
山西,忻州市,忻府区,否
山西,忻州市,定襄县,否
山西,忻州市,五台县,否
山西,忻州市,代县,否
山西,忻州市,繁峙县,否
山西,忻州市,宁武县,否
山西,忻州市,静乐县,否
山西,忻州市,神池县,否
山西,忻州市,五寨县,否
山西,忻州市,岢岚县,否
山西,忻州市,河曲县,否
山西,忻州市,保德县,否
山西,忻州市,偏关县,否
山西,忻州市,原平市,否
山西,临汾市,尧都区,否
山西,临汾市,曲沃县,否
山西,临汾市,翼城县,否
山西,临汾市,襄汾县,否
山西,临汾市,洪洞县,否
山西,临汾市,古县,否
山西,临汾市,安泽县,否
山西,临汾市,浮山县,否
山西,临汾市,吉县,否
山西,临汾市,乡宁县,否
山西,临汾市,大宁县,否
山西,临汾市,隰县,否
山西,临汾市,永和县,否
山西,临汾市,蒲县,否
山西,临汾市,汾西县,否
山西,临汾市,侯马市,否
山西,临汾市,霍州市,否
山西,吕梁市,离石区,否
山西,吕梁市,文水县,否
山西,吕梁市,交城县,否
山西,吕梁市,兴县,否
山西,吕梁市,临县,否
山西,吕梁市,柳林县,否
山西,吕梁市,石楼县,否
山西,吕梁市,岚县,否
山西,吕梁市,方山县,否
山西,吕梁市,中阳县,否
山西,吕梁市,交口县,否
山西,吕梁市,孝义市,否
山西,吕梁市,汾阳市,否
内蒙古,呼和浩特,回民区,否
内蒙古,呼和浩特,新城区,否
内蒙古,呼和浩特,玉泉区,否
内蒙古,呼和浩特,赛罕区,否
内蒙古,呼和浩特,土默特左旗,否
内蒙古,呼和浩特,托克托县,否
内蒙古,呼和浩特,和林格尔县,否
内蒙古,呼和浩特,清水河县,否
内蒙古,呼和浩特,武川县,否
内蒙古,包头市,昆都仑区,否
内蒙古,包头市,东河区,否
内蒙古,包头市,青山区,否
内蒙古,包头市,石拐区,否
内蒙古,包头市,白云矿区,否
内蒙古,包头市,九原区,否
内蒙古,包头市,土默特右旗,否
内蒙古,包头市,固阳县,否
内蒙古,包头市,达尔罕茂明安联合旗,否
内蒙古,乌海市,海勃湾区,否
内蒙古,乌海市,海南区,否
内蒙古,乌海市,乌达区,否
内蒙古,赤峰市,红山区,否
内蒙古,赤峰市,元宝山区,否
内蒙古,赤峰市,松山区,否
内蒙古,赤峰市,阿鲁科尔沁旗,否
内蒙古,赤峰市,巴林左旗,否
内蒙古,赤峰市,巴林右旗,否
内蒙古,赤峰市,林西县,否
内蒙古,赤峰市,克什克腾旗,否
内蒙古,赤峰市,翁牛特旗,否
内蒙古,赤峰市,喀喇沁旗,否
内蒙古,赤峰市,宁城县,否
内蒙古,赤峰市,敖汉旗,否
内蒙古,通辽市,科尔沁区,否
内蒙古,通辽市,霍林郭勒市,否
内蒙古,通辽市,科尔沁左翼中旗,否
内蒙古,通辽市,科尔沁左翼后旗,否
内蒙古,通辽市,开鲁县,否
内蒙古,通辽市,库伦旗,否
内蒙古,通辽市,奈曼旗,否
内蒙古,通辽市,扎鲁特旗,否
内蒙古,鄂尔多斯,东胜区,否
内蒙古,鄂尔多斯,达拉特旗,否
内蒙古,鄂尔多斯,准格尔旗,否
内蒙古,鄂尔多斯,鄂托克前旗,否
内蒙古,鄂尔多斯,鄂托克旗,否
内蒙古,鄂尔多斯,杭锦旗,否
内蒙古,鄂尔多斯,乌审旗,否
内蒙古,鄂尔多斯,伊金霍洛旗,否
内蒙古,鄂尔多斯,康巴什新区,否
内蒙古,呼伦贝尔,海拉尔区,否
内蒙古,呼伦贝尔,满洲里市,否
内蒙古,呼伦贝尔,牙克石市,否
内蒙古,呼伦贝尔,扎兰屯市,否
内蒙古,呼伦贝尔,额尔古纳市,否
内蒙古,呼伦贝尔,根河市,否
内蒙古,呼伦贝尔,阿荣旗,否
内蒙古,呼伦贝尔,鄂伦春自治旗,否
内蒙古,呼伦贝尔,鄂温克族旗,否
内蒙古,呼伦贝尔,陈巴尔虎旗,否
内蒙古,呼伦贝尔,新巴尔虎左旗,否
内蒙古,呼伦贝尔,新巴尔虎右旗,否
内蒙古,呼伦贝尔,莫力达瓦达旗,否
内蒙古,巴彦淖尔,临河区,否
内蒙古,巴彦淖尔,五原县,否
内蒙古,巴彦淖尔,磴口县,否
内蒙古,巴彦淖尔,乌拉特前旗,否
内蒙古,巴彦淖尔,乌拉特中旗,否
内蒙古,巴彦淖尔,乌拉特后旗,否
内蒙古,巴彦淖尔,杭锦后旗,否
内蒙古,乌兰察布,集宁区,否
内蒙古,乌兰察布,丰镇市,否
内蒙古,乌兰察布,卓资县,否
内蒙古,乌兰察布,化德县,否
内蒙古,乌兰察布,商都县,否
内蒙古,乌兰察布,兴和县,否
内蒙古,乌兰察布,凉城县,否
内蒙古,乌兰察布,察哈尔右翼前旗,否
内蒙古,乌兰察布,察哈尔右翼中旗,否
内蒙古,乌兰察布,察哈尔右翼后旗,否
内蒙古,乌兰察布,四子王旗,否
内蒙古,兴安盟,乌兰浩特市,否
内蒙古,兴安盟,阿尔山市,否
内蒙古,兴安盟,科尔沁右翼前旗,否
内蒙古,兴安盟,科尔沁右翼中旗,否
内蒙古,兴安盟,扎赉特旗,否
内蒙古,兴安盟,突泉县,否
内蒙古,锡林郭勒,二连浩特市,否
内蒙古,锡林郭勒,锡林浩特市,否
内蒙古,锡林郭勒,阿巴嘎旗,否
内蒙古,锡林郭勒,苏尼特左旗,否
内蒙古,锡林郭勒,苏尼特右旗,否
内蒙古,锡林郭勒,东乌珠穆沁旗,否
内蒙古,锡林郭勒,西乌珠穆沁旗,否
内蒙古,锡林郭勒,太仆寺旗,否
内蒙古,锡林郭勒,镶黄旗,否
内蒙古,锡林郭勒,正镶白旗,否
内蒙古,锡林郭勒,正蓝旗,否
内蒙古,锡林郭勒,多伦县,否
内蒙古,阿拉善盟,阿拉善左旗,否
内蒙古,阿拉善盟,阿拉善右旗,否
内蒙古,阿拉善盟,额济纳旗,否
辽宁,沈阳市,和平区,否
辽宁,沈阳市,沈河区,否
辽宁,沈阳市,大东区,否
辽宁,沈阳市,皇姑区,否
辽宁,沈阳市,铁西区,否
辽宁,沈阳市,苏家屯区,否
辽宁,沈阳市,东陵区,否
辽宁,沈阳市,新城子区,否
辽宁,沈阳市,于洪区,否
辽宁,沈阳市,辽中县,否
辽宁,沈阳市,康平县,否
辽宁,沈阳市,法库县,否
辽宁,沈阳市,新民市,否
辽宁,沈阳市,浑南新区,否
辽宁,沈阳市,沈北新区,否
辽宁,沈阳市,道义开发区,否
辽宁,大连市,中山区,否
辽宁,大连市,西岗区,否
辽宁,大连市,沙河口区,否
辽宁,大连市,甘井子区,否
辽宁,大连市,旅顺口区,否
辽宁,大连市,金州区,否
辽宁,大连市,长海县,否
辽宁,大连市,瓦房店市,否
辽宁,大连市,普兰店市,否
辽宁,大连市,庄河市,否
辽宁,大连市,开发区,否
辽宁,大连市,岭前区,否
辽宁,大连市,高新园区,否
辽宁,鞍山市,铁东区,否
辽宁,鞍山市,铁西区,否
辽宁,鞍山市,立山区,否
辽宁,鞍山市,千山区,否
辽宁,鞍山市,海城市,否
辽宁,鞍山市,台安县,否
辽宁,鞍山市,岫岩县,否
辽宁,鞍山市,高新区,否
辽宁,抚顺市,新抚区,否
辽宁,抚顺市,露天区,否
辽宁,抚顺市,望花区,否
辽宁,抚顺市,顺城区,否
辽宁,抚顺市,抚顺县,否
辽宁,抚顺市,新宾县,否
辽宁,抚顺市,清原县,否
辽宁,本溪市,平山区,否
辽宁,本溪市,溪湖区,否
辽宁,本溪市,明山区,否
辽宁,本溪市,南芬区,否
辽宁,本溪市,本溪县,否
辽宁,本溪市,桓仁县,否
辽宁,丹东市,元宝区,否
辽宁,丹东市,振兴区,否
辽宁,丹东市,振安区,否
辽宁,丹东市,宽甸县,否
辽宁,丹东市,东港市,否
辽宁,丹东市,凤城市,否
辽宁,锦州市,古塔区,否
辽宁,锦州市,凌河区,否
辽宁,锦州市,太和区,否
辽宁,锦州市,黑山县,否
辽宁,锦州市,义县,否
辽宁,锦州市,凌海市,否
辽宁,锦州市,北宁市,否
辽宁,锦州市,经济技术开发区,否
辽宁,营口市,站前区,否
辽宁,营口市,西市区,否
辽宁,营口市,鲅鱼圈区,否
辽宁,营口市,老边区,否
辽宁,营口市,大石桥市,否
辽宁,营口市,盖州市,否
辽宁,阜新市,海州区,否
辽宁,阜新市,新邱区,否
辽宁,阜新市,太平区,否
辽宁,阜新市,清河门区,否
辽宁,阜新市,细河区,否
辽宁,阜新市,阜新县,否
辽宁,阜新市,彰武县,否
辽宁,辽阳市,白塔区,否
辽宁,辽阳市,文圣区,否
辽宁,辽阳市,宏伟区,否
辽宁,辽阳市,弓长岭区,否
辽宁,辽阳市,太子河区,否
辽宁,辽阳市,辽阳县,否
辽宁,辽阳市,灯塔市,否
辽宁,盘锦市,兴隆台区,否
辽宁,盘锦市,双台子区,否
辽宁,盘锦市,大洼县,否
辽宁,盘锦市,盘山县,否
辽宁,铁岭市,银州区,否
辽宁,铁岭市,清河区,否
辽宁,铁岭市,调兵山市,否
辽宁,铁岭市,开原市,否
辽宁,铁岭市,铁岭县,否
辽宁,铁岭市,西丰县,否
辽宁,铁岭市,昌图县,否
辽宁,朝阳市,双塔区,否
辽宁,朝阳市,龙城区,否
辽宁,朝阳市,北票市,否
辽宁,朝阳市,凌源市,否
辽宁,朝阳市,朝阳县,否
辽宁,朝阳市,建平县,否
辽宁,朝阳市,喀左县,否
辽宁,葫芦岛市,龙港区,否
辽宁,葫芦岛市,连山区,否
辽宁,葫芦岛市,南票区,否
辽宁,葫芦岛市,兴城市,否
辽宁,葫芦岛市,绥中县,否
辽宁,葫芦岛市,建昌县,否
吉林,长春市,朝阳区,否
吉林,长春市,南关区,否
吉林,长春市,宽城区,否
吉林,长春市,二道区,否
吉林,长春市,绿园区,否
吉林,长春市,双阳区,否
吉林,长春市,德惠市,否
吉林,长春市,九台市,否
吉林,长春市,榆树市,否
吉林,长春市,农安县,否
吉林,长春市,高新技术开发区,否
吉林,长春市,汽车产业开发区,否
吉林,长春市,经济技术开发区,否
吉林,长春市,净月旅游开发区,否
吉林,吉林市,船营区,否
吉林,吉林市,昌邑区,否
吉林,吉林市,龙潭区,否
吉林,吉林市,丰满区,否
吉林,吉林市,蛟河市,否
吉林,吉林市,桦甸市,否
吉林,吉林市,舒兰市,否
吉林,吉林市,磐石市,否
吉林,吉林市,永吉县,否
吉林,四平市,铁西区,否
吉林,四平市,铁东区,否
吉林,四平市,公主岭市,否
吉林,四平市,双辽市,否
吉林,四平市,梨树县,否
吉林,四平市,伊通满族自治县,否
吉林,辽源市,龙山区,否
吉林,辽源市,西安区,否
吉林,辽源市,东丰县,否
吉林,辽源市,东辽县,否
吉林,通化市,东昌区,否
吉林,通化市,二道江区,否
吉林,通化市,通化县,否
吉林,通化市,辉南县,否
吉林,通化市,柳河县,否
吉林,通化市,梅河口市,否
吉林,通化市,集安市,否
吉林,白山市,浑江区,否
吉林,白山市,江源区,否
吉林,白山市,抚松县,否
吉林,白山市,靖宇县,否
吉林,白山市,长白朝鲜族自治县,否
吉林,白山市,临江市,否
吉林,松原市,宁江区,否
吉林,松原市,前郭县,否
吉林,松原市,长岭县,否
吉林,松原市,乾安县,否
吉林,松原市,扶余县,否
吉林,白城市,洮北区,否
吉林,白城市,镇赉县,否
吉林,白城市,通榆县,否
吉林,白城市,洮南市,否
吉林,白城市,大安市,否
吉林,延边州,延吉市,否
吉林,延边州,图们市,否
吉林,延边州,敦化市,否
吉林,延边州,珲春市,否
吉林,延边州,龙井市,否
吉林,延边州,和龙市,否
吉林,延边州,汪清县,否
吉林,延边州,安图县,否
黑龙江,哈尔滨市,松北区,否
黑龙江,哈尔滨市,道里区,否
黑龙江,哈尔滨市,南岗区,否
黑龙江,哈尔滨市,道外区,否
黑龙江,哈尔滨市,平房区,否
黑龙江,哈尔滨市,香坊区,否
黑龙江,哈尔滨市,呼兰区,否
黑龙江,哈尔滨市,阿城区,否
黑龙江,哈尔滨市,双城市,否
黑龙江,哈尔滨市,尚志市,否
黑龙江,哈尔滨市,五常市,否
黑龙江,哈尔滨市,依兰县,否
黑龙江,哈尔滨市,方正县,否
黑龙江,哈尔滨市,宾县,否
黑龙江,哈尔滨市,巴彦县,否
黑龙江,哈尔滨市,木兰县,否
黑龙江,哈尔滨市,通河县,否
黑龙江,哈尔滨市,延寿县,否
黑龙江,哈尔滨市,动力区,否
黑龙江,齐齐哈尔,龙沙区,否
黑龙江,齐齐哈尔,建华区,否
黑龙江,齐齐哈尔,铁锋区,否
黑龙江,齐齐哈尔,昂昂溪区,否
黑龙江,齐齐哈尔,富拉尔基区,否
黑龙江,齐齐哈尔,碾子山区,否
黑龙江,齐齐哈尔,梅里斯区,否
黑龙江,齐齐哈尔,讷河市,否
黑龙江,齐齐哈尔,龙江县,否
黑龙江,齐齐哈尔,依安县,否
黑龙江,齐齐哈尔,泰来县,否
黑龙江,齐齐哈尔,甘南县,否
黑龙江,齐齐哈尔,富裕县,否
黑龙江,齐齐哈尔,克山县,否
黑龙江,齐齐哈尔,克东县,否
黑龙江,齐齐哈尔,拜泉县,否
黑龙江,鸡西市,鸡冠区,否
黑龙江,鸡西市,恒山区,否
黑龙江,鸡西市,滴道区,否
黑龙江,鸡西市,梨树区,否
黑龙江,鸡西市,城子河区,否
黑龙江,鸡西市,麻山区,否
黑龙江,鸡西市,虎林市,否
黑龙江,鸡西市,密山市,否
黑龙江,鸡西市,鸡东县,否
黑龙江,鹤岗市,兴山区,否
黑龙江,鹤岗市,向阳区,否
黑龙江,鹤岗市,工农区,否
黑龙江,鹤岗市,南山区,否
黑龙江,鹤岗市,兴安区,否
黑龙江,鹤岗市,东山区,否
黑龙江,鹤岗市,萝北县,否
黑龙江,鹤岗市,绥滨县,否
黑龙江,双鸭山市,尖山区,否
黑龙江,双鸭山市,岭东区,否
黑龙江,双鸭山市,四方台区,否
黑龙江,双鸭山市,宝山区,否
黑龙江,双鸭山市,集贤县,否
黑龙江,双鸭山市,友谊县,否
黑龙江,双鸭山市,宝清县,否
黑龙江,双鸭山市,饶河县,否
黑龙江,大庆市,萨尔图区,否
黑龙江,大庆市,龙凤区,否
黑龙江,大庆市,让胡路区,否
黑龙江,大庆市,红岗区,否
黑龙江,大庆市,大同区,否
黑龙江,大庆市,肇州县,否
黑龙江,大庆市,肇源县,否
黑龙江,大庆市,林甸县,否
黑龙江,大庆市,杜尔伯特县,否
黑龙江,伊春市,伊春区,否
黑龙江,伊春市,南岔区,否
黑龙江,伊春市,友好区,否
黑龙江,伊春市,西林区,否
黑龙江,伊春市,翠峦区,否
黑龙江,伊春市,新青区,否
黑龙江,伊春市,美溪区,否
黑龙江,伊春市,金山屯区,否
黑龙江,伊春市,五营区,否
黑龙江,伊春市,乌马河区,否
黑龙江,伊春市,汤旺河区,否
黑龙江,伊春市,带岭区,否
黑龙江,伊春市,乌伊岭区,否
黑龙江,伊春市,红星区,否
黑龙江,伊春市,上甘岭区,否
黑龙江,伊春市,铁力市,否
黑龙江,伊春市,嘉荫县,否
黑龙江,佳木斯市,前进区,否
黑龙江,佳木斯市,向阳区,否
黑龙江,佳木斯市,东风区,否
黑龙江,佳木斯市,郊区,否
黑龙江,佳木斯市,同江市,否
黑龙江,佳木斯市,富锦市,否
黑龙江,佳木斯市,桦南县,否
黑龙江,佳木斯市,桦川县,否
黑龙江,佳木斯市,汤原县,否
黑龙江,佳木斯市,抚远县,否
黑龙江,佳木斯市,永红区,否
黑龙江,七台河市,桃山区,否
黑龙江,七台河市,新兴区,否
黑龙江,七台河市,茄子河区,否
黑龙江,七台河市,勃利县,否
黑龙江,牡丹江市,爱民区,否
黑龙江,牡丹江市,东安区,否
黑龙江,牡丹江市,阳明区,否
黑龙江,牡丹江市,西安区,否
黑龙江,牡丹江市,绥芬河市,否
黑龙江,牡丹江市,海林市,否
黑龙江,牡丹江市,宁安市,否
黑龙江,牡丹江市,穆棱市,否
黑龙江,牡丹江市,东宁县,否
黑龙江,牡丹江市,林口县,否
黑龙江,黑河市,爱辉区,否
黑龙江,黑河市,北安市,否
黑龙江,黑河市,五大连池市,否
黑龙江,黑河市,嫩江县,否
黑龙江,黑河市,逊克县,否
黑龙江,黑河市,孙吴县,否
黑龙江,绥化市,北林区,否
黑龙江,绥化市,安达市,否
黑龙江,绥化市,肇东市,否
黑龙江,绥化市,海伦市,否
黑龙江,绥化市,望奎县,否
黑龙江,绥化市,兰西县,否
黑龙江,绥化市,青冈县,否
黑龙江,绥化市,庆安县,否
黑龙江,绥化市,明水县,否
黑龙江,绥化市,绥棱县,否
黑龙江,大兴安岭,呼玛县,否
黑龙江,大兴安岭,塔河县,否
黑龙江,大兴安岭,漠河县,否
黑龙江,大兴安岭,加格达奇区,否
黑龙江,大兴安岭,松岭区,否
黑龙江,大兴安岭,新林区,否
黑龙江,大兴安岭,呼中区,否
上海,上海,黄浦区,是
上海,上海,卢湾区,是
上海,上海,徐汇区,是
上海,上海,长宁区,是
上海,上海,静安区,是
上海,上海,普陀区,是
上海,上海,闸北区,是
上海,上海,虹口区,是
上海,上海,杨浦区,是
上海,上海,闵行区,是
上海,上海,宝山区,是
上海,上海,嘉定区,是
上海,上海,浦东新区,是
上海,上海,金山区,是
上海,上海,松江区,是
上海,上海,青浦区,是
上海,上海,南汇区,是
上海,上海,奉贤区,是
上海,上海,崇明县,是
江苏,南京市,玄武区,是
江苏,南京市,白下区,是
江苏,南京市,秦淮区,是
江苏,南京市,建邺区,是
江苏,南京市,鼓楼区,是
江苏,南京市,下关区,是
江苏,南京市,浦口区,否
江苏,南京市,栖霞区,否
江苏,南京市,雨花台区,是
江苏,南京市,江宁区,否
江苏,南京市,六合区,是
江苏,南京市,溧水区,否
江苏,南京市,高淳区,否
江苏,无锡市,崇安区,是
江苏,无锡市,南长区,是
江苏,无锡市,北塘区,是
江苏,无锡市,滨湖区,是
江苏,无锡市,锡山区,是
江苏,无锡市,惠山区,是
江苏,无锡市,江阴市,否
江苏,无锡市,宜兴市,否
江苏,无锡市,新区,是
江苏,徐州市,云龙区,否
江苏,徐州市,鼓楼区,否
江苏,徐州市,九里区,否
江苏,徐州市,贾汪区,否
江苏,徐州市,泉山区,否
江苏,徐州市,新沂市,否
江苏,徐州市,邳州市,否
江苏,徐州市,丰县,否
江苏,徐州市,沛县,否
江苏,徐州市,铜山县,否
江苏,徐州市,睢宁县,否
江苏,徐州市,金山桥开发区,否
江苏,徐州市,铜山经济技术开发区,否
江苏,徐州市,八段工业园区,否
江苏,常州市,钟楼区,否
江苏,常州市,天宁区,否
江苏,常州市,戚墅堰区,否
江苏,常州市,新北区,否
江苏,常州市,武进区,否
江苏,常州市,溧阳市,否
江苏,常州市,金坛市,否
江苏,苏州市,金阊区,是
江苏,苏州市,沧浪区,是
江苏,苏州市,平江区,是
江苏,苏州市,虎丘区,是
江苏,苏州市,吴中区,是
江苏,苏州市,相城区,是
江苏,苏州市,常熟市,否
江苏,苏州市,张家港市,否
江苏,苏州市,昆山市,否
江苏,苏州市,吴江区,否
江苏,苏州市,太仓市,否
江苏,苏州市,工业园区,是
江苏,苏州市,高新区,是
江苏,南通市,崇川区,否
江苏,南通市,港闸区,否
江苏,南通市,启东市,否
江苏,南通市,如皋市,否
江苏,南通市,通州区,否
江苏,南通市,海门市,否
江苏,南通市,海安县,否
江苏,南通市,如东县,否
江苏,南通市,经济技术开发区,否
江苏,连云港,新浦区,否
江苏,连云港,连云区,否
江苏,连云港,海州区,否
江苏,连云港,赣榆区,否
江苏,连云港,东海区,否
江苏,连云港,灌云区,否
江苏,连云港,灌南区,否
江苏,淮安市,清河区,否
江苏,淮安市,清浦区,否
江苏,淮安市,楚州区,否
江苏,淮安市,淮阴区,否
江苏,淮安市,涟水县,否
江苏,淮安市,洪泽县,否
江苏,淮安市,盱眙县,否
江苏,淮安市,金湖县,否
江苏,淮安市,经济开发区,否
江苏,盐城市,亭湖区,否
江苏,盐城市,盐都区,否
江苏,盐城市,东台市,否
江苏,盐城市,大丰市,否
江苏,盐城市,响水县,否
江苏,盐城市,滨海县,否
江苏,盐城市,阜宁县,否
江苏,盐城市,射阳县,否
江苏,盐城市,建湖县,否
江苏,扬州市,广陵区,否
江苏,扬州市,邗江区,否
江苏,扬州市,维扬区,否
江苏,扬州市,仪征市,否
江苏,扬州市,高邮市,否
江苏,扬州市,江都市,否
江苏,扬州市,宝应县,否
江苏,扬州市,经济开发区,否
江苏,镇江市,京口区,否
江苏,镇江市,润州区,否
江苏,镇江市,丹徒区,否
江苏,镇江市,丹阳市,否
江苏,镇江市,扬中市,否
江苏,镇江市,句容市,否
江苏,镇江市,镇江新区,否
江苏,泰州市,海陵区,否
江苏,泰州市,高港区,否
江苏,泰州市,兴化区,否
江苏,泰州市,靖江市,否
江苏,泰州市,泰兴市,否
江苏,泰州市,姜堰市,否
江苏,宿迁市,宿城区,否
江苏,宿迁市,宿豫区,否
江苏,宿迁市,沭阳县,否
江苏,宿迁市,泗阳县,否
江苏,宿迁市,泗洪县,否
江苏,宿迁市,经济开发区,否
浙江,杭州市,拱墅区,是
浙江,杭州市,上城区,是
浙江,杭州市,下城区,是
浙江,杭州市,江干区,是
浙江,杭州市,西湖区,是
浙江,杭州市,滨江区,是
浙江,杭州市,萧山区,是
浙江,杭州市,余杭区,是
浙江,杭州市,建德市,否
浙江,杭州市,富阳市,否
浙江,杭州市,临安市,否
浙江,杭州市,桐庐县,否
浙江,杭州市,淳安县,否
浙江,杭州市,下沙区,否
浙江,宁波市,海曙区,是
浙江,宁波市,江东区,是
浙江,宁波市,江北区,是
浙江,宁波市,北仑区,否
浙江,宁波市,镇海区,是
浙江,宁波市,鄞州区,是
浙江,宁波市,余姚市,否
浙江,宁波市,慈溪市,否
浙江,宁波市,奉化市,否
浙江,宁波市,象山县,否
浙江,宁波市,宁海县,否
浙江,宁波市,高新科技开发区,否
浙江,温州市,鹿城区,否
浙江,温州市,龙湾区,否
浙江,温州市,瓯海区,否
浙江,温州市,瑞安市,否
浙江,温州市,乐清市,否
浙江,温州市,洞头县,否
浙江,温州市,永嘉县,否
浙江,温州市,平阳县,否
浙江,温州市,苍南县,否
浙江,温州市,文成县,否
浙江,温州市,泰顺县,否
浙江,温州市,茶山高教园区,否
浙江,嘉兴市,南湖区,否
浙江,嘉兴市,秀洲区,否
浙江,嘉兴市,海宁市,否
浙江,嘉兴市,平湖市,否
浙江,嘉兴市,桐乡市,否
浙江,嘉兴市,嘉善县,否
浙江,嘉兴市,海盐县,否
浙江,湖州市,吴兴区,否
浙江,湖州市,南浔区,否
浙江,湖州市,德清县,否
浙江,湖州市,长兴县,否
浙江,湖州市,安吉县,否
浙江,绍兴市,越城区,否
浙江,绍兴市,诸暨市,否
浙江,绍兴市,上虞市,否
浙江,绍兴市,嵊州市,否
浙江,绍兴市,绍兴县,否
浙江,绍兴市,新昌县,否
浙江,金华市,婺城区,否
浙江,金华市,金东区,否
浙江,金华市,兰溪市,否
浙江,金华市,义乌市,否
浙江,金华市,东阳市,否
浙江,金华市,永康市,否
浙江,金华市,武义县,否
浙江,金华市,浦江县,否
浙江,金华市,磐安县,否
浙江,衢州市,柯城区,否
浙江,衢州市,衢江区,否
浙江,衢州市,江山市,否
浙江,衢州市,常山县,否
浙江,衢州市,开化县,否
浙江,衢州市,龙游县,否
浙江,舟山市,定海区,否
浙江,舟山市,普陀区,否
浙江,舟山市,岱山县,否
浙江,舟山市,嵊泗县,否
浙江,台州市,椒江区,否
浙江,台州市,黄岩区,否
浙江,台州市,路桥区,否
浙江,台州市,玉环县,否
浙江,台州市,三门县,否
浙江,台州市,天台县,否
浙江,台州市,仙居县,否
浙江,台州市,温岭市,否
浙江,台州市,临海市,否
浙江,丽水市,龙泉市,否
浙江,丽水市,缙云县,否
浙江,丽水市,遂昌县,否
浙江,丽水市,松阳县,否
浙江,丽水市,景宁县,否
浙江,丽水市,云和县,否
浙江,丽水市,青田县,否
浙江,丽水市,庆云县,否
浙江,丽水市,莲都区,否
安徽,合肥市,庐阳区,否
安徽,合肥市,蜀山区,否
安徽,合肥市,瑶海区,否
安徽,合肥市,包河区,否
安徽,合肥市,巢湖市,否
安徽,合肥市,肥东县,否
安徽,合肥市,肥西县,否
安徽,合肥市,长丰县,否
安徽,合肥市,庐江县,否
安徽,合肥市,滨湖新区,否
安徽,合肥市,经济技术开发区,否
安徽,合肥市,高新技术开发区,否
安徽,合肥市,新站综合开发试验区,否
安徽,合肥市,政府文化新区,否
安徽,合肥市,北城新区,否
安徽,芜湖市,镜湖区,否
安徽,芜湖市,弋江区,否
安徽,芜湖市,鸠江区,否
安徽,芜湖市,三山区,否
安徽,芜湖市,芜湖县,否
安徽,芜湖市,繁昌县,否
安徽,芜湖市,南陵县,否
安徽,芜湖市,无为县,否
安徽,蚌埠市,蚌山区,否
安徽,蚌埠市,龙子湖区,否
安徽,蚌埠市,禹会区,否
安徽,蚌埠市,淮上区,否
安徽,蚌埠市,怀远县,否
安徽,蚌埠市,五河县,否
安徽,蚌埠市,固镇县,否
安徽,淮南市,田家庵区,否
安徽,淮南市,大通区,否
安徽,淮南市,谢家集区,否
安徽,淮南市,八公山区,否
安徽,淮南市,潘集区,否
安徽,淮南市,凤台县,否
安徽,淮南市,淮南高新技术开发区,否
安徽,马鞍山市,雨山区,否
安徽,马鞍山市,金家庄区,否
安徽,马鞍山市,花山区,否
安徽,马鞍山市,当涂县,否
安徽,马鞍山市,博望区,否
安徽,马鞍山市,含山县,否
安徽,马鞍山市,和县,否
安徽,淮北市,相山区,否
安徽,淮北市,杜集区,否
安徽,淮北市,烈山区,否
安徽,淮北市,濉溪县,否
安徽,铜陵市,铜官山区,否
安徽,铜陵市,狮子山区,否
安徽,铜陵市,郊区,否
安徽,铜陵市,铜陵县,否
安徽,安庆市,迎江区,否
安徽,安庆市,大观区,否
安徽,安庆市,宜秀区,否
安徽,安庆市,桐城市,否
安徽,安庆市,怀宁县,否
安徽,安庆市,枞阳县,否
安徽,安庆市,潜山县,否
安徽,安庆市,太湖县,否
安徽,安庆市,宿松县,否
安徽,安庆市,望江县,否
安徽,安庆市,岳西县,否
安徽,安庆市,开发区,否
安徽,黄山市,屯溪区,否
安徽,黄山市,黄山区,否
安徽,黄山市,徽州区,否
安徽,黄山市,歙县,否
安徽,黄山市,休宁县,否
安徽,黄山市,黟县,否
安徽,黄山市,祁门县,否
安徽,滁州市,琅琊区,否
安徽,滁州市,南谯区,否
安徽,滁州市,天长市,否
安徽,滁州市,明光市,否
安徽,滁州市,来安县,否
安徽,滁州市,全椒县,否
安徽,滁州市,定远县,否
安徽,滁州市,凤阳县,否
安徽,阜阳市,颍州区,否
安徽,阜阳市,颍东区,否
安徽,阜阳市,颍泉区,否
安徽,阜阳市,界首市,否
安徽,阜阳市,临泉县,否
安徽,阜阳市,太和县,否
安徽,阜阳市,阜南县,否
安徽,阜阳市,颍上县,否
安徽,阜阳市,经济开发区,否
安徽,宿州市,埇桥区,否
安徽,宿州市,砀山县,否
安徽,宿州市,萧县,否
安徽,宿州市,灵璧县,否
安徽,宿州市,泗县,否
安徽,宿州市,经济开发区,否
安徽,六安市,金安区,否
安徽,六安市,裕安区,否
安徽,六安市,寿县,否
安徽,六安市,霍邱县,否
安徽,六安市,舒城县,否
安徽,六安市,金寨县,否
安徽,六安市,霍山县,否
安徽,亳州市,谯城区,否
安徽,亳州市,涡阳县,否
安徽,亳州市,蒙城县,否
安徽,亳州市,利辛县,否
安徽,池州市,贵池区,否
安徽,池州市,东至县,否
安徽,池州市,石台县,否
安徽,池州市,青阳县,否
安徽,宣城市,宣州区,否
安徽,宣城市,宁国市,否
安徽,宣城市,郎溪县,否
安徽,宣城市,广德县,否
安徽,宣城市,泾县,否
安徽,宣城市,绩溪县,否
安徽,宣城市,旌德县,否
福建,福州市,鼓楼区,是
福建,福州市,台江区,是
福建,福州市,仓山区,是
福建,福州市,马尾区,是
福建,福州市,晋安区,是
福建,福州市,闽侯县,否
福建,福州市,连江县,否
福建,福州市,罗源县,否
福建,福州市,闽清县,否
福建,福州市,永泰县,否
福建,福州市,平潭县,否
福建,福州市,福清市,否
福建,福州市,长乐市,否
福建,厦门市,思明区,是
福建,厦门市,海沧区,是
福建,厦门市,湖里区,是
福建,厦门市,集美区,是
福建,厦门市,同安区,是
福建,厦门市,翔安区,是
福建,莆田市,城厢区,否
福建,莆田市,涵江区,否
福建,莆田市,荔城区,否
福建,莆田市,秀屿区,否
福建,莆田市,仙游县,否
福建,三明市,梅列区,否
福建,三明市,三元区,否
福建,三明市,清流县,否
福建,三明市,宁化县,否
福建,三明市,大田县,否
福建,三明市,尤溪县,否
福建,三明市,沙县,否
福建,三明市,将乐县,否
福建,三明市,泰宁县,否
福建,三明市,建宁县,否
福建,三明市,永安市,否
福建,三明市,明溪县,否
福建,泉州市,鲤城区,否
福建,泉州市,丰泽区,否
福建,泉州市,洛江区,否
福建,泉州市,泉港区,否
福建,泉州市,安溪县,否
福建,泉州市,永春县,否
福建,泉州市,德化县,否
福建,泉州市,金门县,否
福建,泉州市,石狮市,否
福建,泉州市,晋江市,否
福建,泉州市,南安市,否
福建,泉州市,惠安县,否
福建,漳州市,芗城区,否
福建,漳州市,龙文区,否
福建,漳州市,漳浦县,否
福建,漳州市,诏安县,否
福建,漳州市,长泰县,否
福建,漳州市,东山县,否
福建,漳州市,南靖县,否
福建,漳州市,平和县,否
福建,漳州市,华安县,否
福建,漳州市,龙海市,否
福建,漳州市,云霄县,否
福建,南平市,延平区,否
福建,南平市,顺昌县,否
福建,南平市,浦城县,否
福建,南平市,光泽县,否
福建,南平市,松溪县,否
福建,南平市,政和县,否
福建,南平市,邵武市,否
福建,南平市,武夷山,否
福建,南平市,建瓯市,否
福建,南平市,建阳市,否
福建,龙岩市,新罗区,否
福建,龙岩市,长汀县,否
福建,龙岩市,永定县,否
福建,龙岩市,上杭县,否
福建,龙岩市,武平县,否
福建,龙岩市,连城县,否
福建,龙岩市,漳平市,否
福建,宁德市,蕉城区,否
福建,宁德市,霞浦县,否
福建,宁德市,古田县,否
福建,宁德市,屏南县,否
福建,宁德市,寿宁县,否
福建,宁德市,周宁县,否
福建,宁德市,柘荣县,否
福建,宁德市,福安市,否
福建,宁德市,福鼎市,否
福建,宁德市,东侨开发区,否
江西,南昌市,东湖区,否
江西,南昌市,西湖区,否
江西,南昌市,青云谱区,否
江西,南昌市,湾里区,否
江西,南昌市,青山湖区,否
江西,南昌市,南昌县,否
江西,南昌市,新建县,否
江西,南昌市,安义县,否
江西,南昌市,进贤县,否
江西,南昌市,红谷滩新区,否
江西,南昌市,经济技术开发区,否
江西,南昌市,昌北区,否
江西,南昌市,高新区,否
江西,景德镇市,珠山区,否
江西,景德镇市,昌江区,否
江西,景德镇市,乐平市,否
江西,景德镇市,浮梁县,否
江西,萍乡市,安源区,否
江西,萍乡市,湘东区,否
江西,萍乡市,莲花县,否
江西,萍乡市,芦溪县,否
江西,萍乡市,上栗县,否
江西,九江市,浔阳区,否
江西,九江市,庐山区,否
江西,九江市,瑞昌市,否
江西,九江市,九江县,否
江西,九江市,武宁县,否
江西,九江市,修水县,否
江西,九江市,永修县,否
江西,九江市,德安县,否
江西,九江市,星子县,否
江西,九江市,都昌县,否
江西,九江市,湖口县,否
江西,九江市,彭泽县,否
江西,九江市,共青城市,否
江西,九江市,经济技术开发区,否
江西,九江市,八里湖新区,否
江西,九江市,庐山风景名胜区,否
江西,新余市,渝水区,否
江西,新余市,分宜县,否
江西,鹰潭市,月湖区,否
江西,鹰潭市,贵溪市,否
江西,鹰潭市,余江县,否
江西,赣州市,章贡区,否
江西,赣州市,瑞金市,否
江西,赣州市,南康市,否
江西,赣州市,赣县,否
江西,赣州市,信丰县,否
江西,赣州市,大余县,否
江西,赣州市,上犹县,否
江西,赣州市,崇义县,否
江西,赣州市,安远县,否
江西,赣州市,龙南县,否
江西,赣州市,定南县,否
江西,赣州市,全南县,否
江西,赣州市,宁都县,否
江西,赣州市,于都县,否
江西,赣州市,兴国县,否
江西,赣州市,会昌县,否
江西,赣州市,寻乌县,否
江西,赣州市,石城县,否
江西,赣州市,黄金区,否
江西,吉安市,吉州区,否
江西,吉安市,青原区,否
江西,吉安市,井冈山,否
江西,吉安市,吉安县,否
江西,吉安市,吉水县,否
江西,吉安市,峡江县,否
江西,吉安市,新干县,否
江西,吉安市,永丰县,否
江西,吉安市,泰和县,否
江西,吉安市,遂川县,否
江西,吉安市,万安县,否
江西,吉安市,安福县,否
江西,吉安市,永新县,否
江西,宜春市,袁州区,否
江西,宜春市,丰城市,否
江西,宜春市,樟树市,否
江西,宜春市,高安市,否
江西,宜春市,奉新县,否
江西,宜春市,万载县,否
江西,宜春市,上高县,否
江西,宜春市,宜丰县,否
江西,宜春市,靖安县,否
江西,宜春市,铜鼓县,否
江西,抚州市,临川区,否
江西,抚州市,南城县,否
江西,抚州市,黎川县,否
江西,抚州市,南丰县,否
江西,抚州市,崇仁县,否
江西,抚州市,乐安县,否
江西,抚州市,宜黄县,否
江西,抚州市,金溪县,否
江西,抚州市,资溪县,否
江西,抚州市,东乡县,否
江西,抚州市,广昌县,否
江西,上饶市,信州区,否
江西,上饶市,德兴市,否
江西,上饶市,上饶县,否
江西,上饶市,广丰县,否
江西,上饶市,玉山县,否
江西,上饶市,铅山县,否
江西,上饶市,横峰县,否
江西,上饶市,弋阳县,否
江西,上饶市,余干县,否
江西,上饶市,鄱阳县,否
江西,上饶市,万年县,否
江西,上饶市,婺源县,否
山东,济南市,历下区,是
山东,济南市,市中区,是
山东,济南市,槐荫区,是
山东,济南市,天桥区,是
山东,济南市,历城区,是
山东,济南市,长清区,是
山东,济南市,章丘市,否
山东,济南市,平阴县,否
山东,济南市,济阳县,否
山东,济南市,商河县,否
山东,济南市,高新区,否
山东,青岛市,市南区,是
山东,青岛市,市北区,是
山东,青岛市,四方区,是
山东,青岛市,黄岛区,是
山东,青岛市,崂山区,是
山东,青岛市,李沧区,是
山东,青岛市,城阳区,是
山东,青岛市,胶州市,否
山东,青岛市,即墨市,否
山东,青岛市,平度市,否
山东,青岛市,莱西市,否
山东,青岛市,开发区,否
山东,淄博市,张店区,否
山东,淄博市,淄川区,否
山东,淄博市,博山区,否
山东,淄博市,临淄区,否
山东,淄博市,周村区,否
山东,淄博市,桓台县,否
山东,淄博市,高青县,否
山东,淄博市,沂源县,否
山东,枣庄市,市中区,否
山东,枣庄市,薛城区,否
山东,枣庄市,峄城区,否
山东,枣庄市,台儿庄区,否
山东,枣庄市,山亭区,否
山东,枣庄市,滕州市,否
山东,东营市,东营区,否
山东,东营市,河口区,否
山东,东营市,垦利县,否
山东,东营市,利津县,否
山东,东营市,广饶县,否
山东,东营市,西城区,否
山东,东营市,东城区,否
山东,烟台市,芝罘区,是
山东,烟台市,福山区,是
山东,烟台市,牟平区,是
山东,烟台市,莱山区,是
山东,烟台市,龙口市,否
山东,烟台市,莱阳市,否
山东,烟台市,莱州市,否
山东,烟台市,蓬莱市,否
山东,烟台市,招远市,否
山东,烟台市,栖霞市,否
山东,烟台市,海阳市,否
山东,烟台市,长岛县,否
山东,烟台市,开发区,是
山东,潍坊市,潍城区,否
山东,潍坊市,寒亭区,否
山东,潍坊市,坊子区,否
山东,潍坊市,奎文区,否
山东,潍坊市,青州市,否
山东,潍坊市,诸城市,否
山东,潍坊市,寿光市,否
山东,潍坊市,安丘市,否
山东,潍坊市,高密市,否
山东,潍坊市,昌邑市,否
山东,潍坊市,临朐县,否
山东,潍坊市,昌乐县,否
山东,潍坊市,开发区,否
山东,威海市,环翠区,否
山东,威海市,文登市,否
山东,威海市,荣成市,否
山东,威海市,乳山市,否
山东,威海市,工业新区,否
山东,济宁市,市中区,否
山东,济宁市,任城区,否
山东,济宁市,曲阜市,否
山东,济宁市,兖州市,否
山东,济宁市,邹城市,否
山东,济宁市,微山县,否
山东,济宁市,鱼台县,否
山东,济宁市,金乡县,否
山东,济宁市,嘉祥县,否
山东,济宁市,汶上县,否
山东,济宁市,泗水县,否
山东,济宁市,梁山县,否
山东,济宁市,高新区,否
山东,泰安市,泰山区,否
山东,泰安市,岱岳区,否
山东,泰安市,新泰市,否
山东,泰安市,肥城市,否
山东,泰安市,宁阳县,否
山东,泰安市,东平县,否
山东,日照市,东港区,否
山东,日照市,岚山区,否
山东,日照市,五莲县,否
山东,日照市,莒县,否
山东,日照市,新市区,否
山东,莱芜市,莱城区,否
山东,莱芜市,钢城区,否
山东,临沂市,兰山区,否
山东,临沂市,罗庄区,否
山东,临沂市,河东区,否
山东,临沂市,沂南县,否
山东,临沂市,郯城县,否
山东,临沂市,沂水县,否
山东,临沂市,苍山县,否
山东,临沂市,费县,否
山东,临沂市,平邑县,否
山东,临沂市,莒南县,否
山东,临沂市,蒙阴县,否
山东,临沂市,临沭县,否
山东,德州市,德城区,否
山东,德州市,乐陵市,否
山东,德州市,禹城市,否
山东,德州市,陵县,否
山东,德州市,宁津县,否
山东,德州市,庆云县,否
山东,德州市,临邑县,否
山东,德州市,齐河县,否
山东,德州市,平原县,否
山东,德州市,夏津县,否
山东,德州市,武城县,否
山东,德州市,开发区,否
山东,聊城市,东昌府区,否
山东,聊城市,临清市,否
山东,聊城市,阳谷县,否
山东,聊城市,莘县,否
山东,聊城市,茌平县,否
山东,聊城市,东阿县,否
山东,聊城市,冠县,否
山东,聊城市,高唐县,否
山东,滨州市,滨城区,否
山东,滨州市,惠民县,否
山东,滨州市,阳信县,否
山东,滨州市,无棣县,否
山东,滨州市,沾化县,否
山东,滨州市,博兴县,否
山东,滨州市,邹平县,否
山东,滨州市,北海新区,否
山东,菏泽市,牡丹区,否
山东,菏泽市,曹县,否
山东,菏泽市,单县,否
山东,菏泽市,成武县,否
山东,菏泽市,巨野县,否
山东,菏泽市,郓城县,否
山东,菏泽市,鄄城县,否
山东,菏泽市,定陶县,否
山东,菏泽市,东明县,否
河南,郑州市,中原区,否
河南,郑州市,二七区,否
河南,郑州市,管城区,否
河南,郑州市,金水区,否
河南,郑州市,上街区,否
河南,郑州市,惠济区,否
河南,郑州市,巩义市,否
河南,郑州市,荥阳市,否
河南,郑州市,新密市,否
河南,郑州市,新郑市,否
河南,郑州市,登封市,否
河南,郑州市,中牟县,否
河南,郑州市,郑东新区,否
河南,郑州市,经济开发区,否
河南,郑州市,高新技术开发区,否
河南,开封市,鼓楼区,否
河南,开封市,龙亭区,否
河南,开封市,顺河区,否
河南,开封市,禹王台,否
河南,开封市,金明区,否
河南,开封市,杞县,否
河南,开封市,通许县,否
河南,开封市,尉氏县,否
河南,开封市,开封县,否
河南,开封市,兰考县,否
河南,洛阳市,西工区,否
河南,洛阳市,老城区,否
河南,洛阳市,瀍河区,否
河南,洛阳市,涧西区,否
河南,洛阳市,吉利区,否
河南,洛阳市,洛龙区,否
河南,洛阳市,偃师市,否
河南,洛阳市,孟津县,否
河南,洛阳市,新安县,否
河南,洛阳市,栾川县,否
河南,洛阳市,嵩县,否
河南,洛阳市,汝阳县,否
河南,洛阳市,宜阳县,否
河南,洛阳市,洛宁县,否
河南,洛阳市,伊川县,否
河南,洛阳市,伊滨区,否
河南,平顶山市,新华区,否
河南,平顶山市,卫东区,否
河南,平顶山市,湛河区,否
河南,平顶山市,石龙区,否
河南,平顶山市,舞钢市,否
河南,平顶山市,汝州市,否
河南,平顶山市,宝丰县,否
河南,平顶山市,叶县,否
河南,平顶山市,鲁山县,否
河南,平顶山市,郏县,否
河南,焦作市,山阳区,否
河南,焦作市,解放区,否
河南,焦作市,中站区,否
河南,焦作市,马村区,否
河南,焦作市,沁阳市,否
河南,焦作市,孟州市,否
河南,焦作市,修武县,否
河南,焦作市,博爱县,否
河南,焦作市,武陟县,否
河南,焦作市,温县,否
河南,鹤壁市,淇滨区,否
河南,鹤壁市,山城区,否
河南,鹤壁市,鹤山区,否
河南,鹤壁市,浚县,否
河南,鹤壁市,淇县,否
河南,新乡市,卫滨区,否
河南,新乡市,红旗区,否
河南,新乡市,凤泉区,否
河南,新乡市,牧野区,否
河南,新乡市,卫辉市,否
河南,新乡市,辉县市,否
河南,新乡市,新乡县,否
河南,新乡市,获嘉县,否
河南,新乡市,原阳县,否
河南,新乡市,延津县,否
河南,新乡市,封丘县,否
河南,新乡市,长垣县,否
河南,安阳市,北关区,否
河南,安阳市,文峰区,否
河南,安阳市,殷都区,否
河南,安阳市,龙安区,否
河南,安阳市,林州市,否
河南,安阳市,安阳县,否
河南,安阳市,汤阴县,否
河南,安阳市,滑县,否
河南,安阳市,内黄县,否
河南,安阳市,开发区,否
河南,濮阳市,华龙区,否
河南,濮阳市,清丰县,否
河南,濮阳市,南乐县,否
河南,濮阳市,范县,否
河南,濮阳市,台前县,否
河南,濮阳市,濮阳县,否
河南,许昌市,魏都区,否
河南,许昌市,禹州市,否
河南,许昌市,长葛市,否
河南,许昌市,许昌县,否
河南,许昌市,鄢陵县,否
河南,许昌市,襄城县,否
河南,漯河市,源汇区,否
河南,漯河市,郾城区,否
河南,漯河市,召陵区,否
河南,漯河市,舞阳县,否
河南,漯河市,临颍县,否
河南,三门峡市,湖滨区,否
河南,三门峡市,义马市,否
河南,三门峡市,灵宝市,否
河南,三门峡市,渑池县,否
河南,三门峡市,陕县,否
河南,三门峡市,卢氏县,否
河南,南阳市,卧龙区,否
河南,南阳市,宛城区,否
河南,南阳市,邓州市,否
河南,南阳市,南召县,否
河南,南阳市,方城县,否
河南,南阳市,西峡县,否
河南,南阳市,镇平县,否
河南,南阳市,内乡县,否
河南,南阳市,淅川县,否
河南,南阳市,社旗县,否
河南,南阳市,唐河县,否
河南,南阳市,新野县,否
河南,南阳市,桐柏县,否
河南,商丘市,梁园区,否
河南,商丘市,睢阳区,否
河南,商丘市,永城市,否
河南,商丘市,民权县,否
河南,商丘市,睢县,否
河南,商丘市,宁陵县,否
河南,商丘市,柘城县,否
河南,商丘市,虞城县,否
河南,商丘市,夏邑县,否
河南,信阳市,浉河区,否
河南,信阳市,平桥区,否
河南,信阳市,罗山县,否
河南,信阳市,光山县,否
河南,信阳市,新县,否
河南,信阳市,商城县,否
河南,信阳市,固始县,否
河南,信阳市,潢川县,否
河南,信阳市,淮滨县,否
河南,信阳市,息县,否
河南,周口市,川汇区,否
河南,周口市,项城市,否
河南,周口市,扶沟县,否
河南,周口市,西华县,否
河南,周口市,商水县,否
河南,周口市,沈丘县,否
河南,周口市,郸城县,否
河南,周口市,淮阳县,否
河南,周口市,太康县,否
河南,周口市,鹿邑县,否
河南,周口市,东新区,否
河南,周口市,经济开发区,否
河南,驻马店市,驿城区,否
河南,驻马店市,西平县,否
河南,驻马店市,上蔡县,否
河南,驻马店市,平舆县,否
河南,驻马店市,正阳县,否
河南,驻马店市,确山县,否
河南,驻马店市,泌阳县,否
河南,驻马店市,汝南县,否
河南,驻马店市,遂平县,否
河南,驻马店市,新蔡县,否
河南,济源市,济源市,否
湖北,武汉市,江岸区,是
湖北,武汉市,江汉区,是
湖北,武汉市,硚口区,是
湖北,武汉市,汉阳区,是
湖北,武汉市,武昌区,是
湖北,武汉市,青山区,是
湖北,武汉市,洪山区,是
湖北,武汉市,东西湖区,否
湖北,武汉市,汉南区,否
湖北,武汉市,蔡甸区,否
湖北,武汉市,江夏区,否
湖北,武汉市,黄陂区,否
湖北,武汉市,新洲区,否
湖北,武汉市,武汉经济技术开发区,否
湖北,黄石市,黄石港区,否
湖北,黄石市,西塞山区,否
湖北,黄石市,下陆区,否
湖北,黄石市,铁山区,否
湖北,黄石市,大冶市,否
湖北,黄石市,阳新县,否
湖北,黄石市,经济技术开发区,否
湖北,襄阳市,襄城区,否
湖北,襄阳市,樊城区,否
湖北,襄阳市,襄州区,否
湖北,襄阳市,老河口市,否
湖北,襄阳市,枣阳市,否
湖北,襄阳市,宜城市,否
湖北,襄阳市,南漳县,否
湖北,襄阳市,谷城县,否
湖北,襄阳市,保康县,否
湖北,十堰市,茅箭区,否
湖北,十堰市,张湾区,否
湖北,十堰市,丹江口市,否
湖北,十堰市,郧县,否
湖北,十堰市,郧西县,否
湖北,十堰市,竹山县,否
湖北,十堰市,竹溪县,否
湖北,十堰市,房县,否
湖北,十堰市,经济开发区,否
湖北,荆州市,沙市区,否
湖北,荆州市,荆州区,否
湖北,荆州市,石首市,否
湖北,荆州市,洪湖市,否
湖北,荆州市,松滋市,否
湖北,荆州市,公安县,否
湖北,荆州市,监利县,否
湖北,荆州市,江陵县,否
湖北,宜昌市,西陵区,否
湖北,宜昌市,伍家岗区,否
湖北,宜昌市,点军区,否
湖北,宜昌市,猇亭区,否
湖北,宜昌市,夷陵区,否
湖北,宜昌市,宜都市,否
湖北,宜昌市,当阳市,否
湖北,宜昌市,枝江市,否
湖北,宜昌市,远安县,否
湖北,宜昌市,兴山县,否
湖北,宜昌市,秭归县,否
湖北,宜昌市,长阳县,否
湖北,宜昌市,五峰县,否
湖北,宜昌市,开发区,否
湖北,宜昌市,葛洲坝区,否
湖北,荆门市,东宝区,否
湖北,荆门市,掇刀区,否
湖北,荆门市,钟祥市,否
湖北,荆门市,京山县,否
湖北,荆门市,沙洋县,否
湖北,鄂州市,鄂城区,否
湖北,鄂州市,梁子湖区,否
湖北,鄂州市,华容区,否
湖北,孝感市,孝南区,否
湖北,孝感市,应城市,否
湖北,孝感市,安陆市,否
湖北,孝感市,汉川市,否
湖北,孝感市,孝昌县,否
湖北,孝感市,大悟县,否
湖北,孝感市,云梦县,否
湖北,黄冈市,黄州区,否
湖北,黄冈市,麻城市,否
湖北,黄冈市,武穴市,否
湖北,黄冈市,团风县,否
湖北,黄冈市,红安县,否
湖北,黄冈市,罗田县,否
湖北,黄冈市,英山县,否
湖北,黄冈市,浠水县,否
湖北,黄冈市,蕲春县,否
湖北,黄冈市,黄梅县,否
湖北,咸宁市,咸安区,否
湖北,咸宁市,赤壁市,否
湖北,咸宁市,嘉鱼县,否
湖北,咸宁市,通城县,否
湖北,咸宁市,崇阳县,否
湖北,咸宁市,通山县,否
湖北,咸宁市,温泉城区,否
湖北,随州市,曾都区,否
湖北,随州市,广水市,否
湖北,随州市,随县,否
湖北,恩施州,恩施市,否
湖北,恩施州,利川市,否
湖北,恩施州,建始县,否
湖北,恩施州,巴东县,否
湖北,恩施州,宣恩县,否
湖北,恩施州,咸丰县,否
湖北,恩施州,来凤县,否
湖北,恩施州,鹤峰县,否
湖北,仙桃市,仙桃市,否
湖北,潜江市,潜江市,否
湖北,天门市,天门市,否
湖北,神农架,神农架,否
湖南,长沙市,芙蓉区,是
湖南,长沙市,天心区,否
湖南,长沙市,岳麓区,是
湖南,长沙市,开福区,是
湖南,长沙市,雨花区,是
湖南,长沙市,浏阳市,否
湖南,长沙市,长沙县,否
湖南,长沙市,望城县,否
湖南,长沙市,宁乡县,否
湖南,株洲市,荷塘区,是
湖南,株洲市,芦淞区,否
湖南,株洲市,石峰区,是
湖南,株洲市,天元区,是
湖南,株洲市,醴陵市,否
湖南,株洲市,株洲县,否
湖南,株洲市,攸县,否
湖南,株洲市,茶陵县,否
湖南,株洲市,炎陵县,否
湖南,湘潭市,雨湖区,否
湖南,湘潭市,岳塘区,否
湖南,湘潭市,湘乡市,否
湖南,湘潭市,韶山市,否
湖南,湘潭市,湘潭县,否
湖南,衡阳市,珠晖区,否
湖南,衡阳市,雁峰区,否
湖南,衡阳市,石鼓区,否
湖南,衡阳市,蒸湘区,否
湖南,衡阳市,南岳区,否
湖南,衡阳市,耒阳市,否
湖南,衡阳市,常宁市,否
湖南,衡阳市,衡阳县,否
湖南,衡阳市,衡南县,否
湖南,衡阳市,衡山县,否
湖南,衡阳市,衡东县,否
湖南,衡阳市,祁东县,否
湖南,邵阳市,双清区,否
湖南,邵阳市,大祥区,否
湖南,邵阳市,北塔区,否
湖南,邵阳市,武冈市,否
湖南,邵阳市,邵东县,否
湖南,邵阳市,新邵县,否
湖南,邵阳市,邵阳县,否
湖南,邵阳市,隆回县,否
湖南,邵阳市,洞口县,否
湖南,邵阳市,绥宁县,否
湖南,邵阳市,新宁县,否
湖南,邵阳市,城步自治县,否
湖南,岳阳市,岳阳楼,否
湖南,岳阳市,云溪区,否
湖南,岳阳市,君山区,否
湖南,岳阳市,汨罗市,否
湖南,岳阳市,临湘市,否
湖南,岳阳市,岳阳县,否
湖南,岳阳市,华容县,否
湖南,岳阳市,湘阴县,否
湖南,岳阳市,平江县,否
湖南,常德市,武陵区,是
湖南,常德市,鼎城区,是
湖南,常德市,津市市,否
湖南,常德市,安乡县,否
湖南,常德市,汉寿县,否
湖南,常德市,澧县,否
湖南,常德市,临澧县,否
湖南,常德市,桃源县,否
湖南,常德市,石门县,否
湖南,张家界市,永定区,否
湖南,张家界市,武陵源区,否
湖南,张家界市,慈利县,否
湖南,张家界市,桑植县,否
湖南,益阳市,资阳区,否
湖南,益阳市,赫山区,否
湖南,益阳市,沅江市,否
湖南,益阳市,南县,否
湖南,益阳市,桃江县,否
湖南,益阳市,安化县,否
湖南,郴州市,北湖区,否
湖南,郴州市,苏仙区,否
湖南,郴州市,资兴市,否
湖南,郴州市,桂阳县,否
湖南,郴州市,宜章县,否
湖南,郴州市,永兴县,否
湖南,郴州市,嘉禾县,否
湖南,郴州市,临武县,否
湖南,郴州市,汝城县,否
湖南,郴州市,桂东县,否
湖南,郴州市,安仁县,否
湖南,永州市,零陵区,否
湖南,永州市,冷水滩区,否
湖南,永州市,祁阳县,否
湖南,永州市,东安县,否
湖南,永州市,双牌县,否
湖南,永州市,道县,否
湖南,永州市,江永县,否
湖南,永州市,宁远县,否
湖南,永州市,蓝山县,否
湖南,永州市,新田县,否
湖南,永州市,江华县,否
湖南,怀化市,鹤城区,否
湖南,怀化市,洪江市,否
湖南,怀化市,沅陵县,否
湖南,怀化市,辰溪县,否
湖南,怀化市,溆浦县,否
湖南,怀化市,中方县,否
湖南,怀化市,会同县,否
湖南,怀化市,麻阳自治县,否
湖南,怀化市,新晃自治县,否
湖南,怀化市,芷江自治县,否
湖南,怀化市,靖州自治县,否
湖南,怀化市,通道自治县,否
湖南,娄底市,娄星区,否
湖南,娄底市,冷水江,否
湖南,娄底市,涟源市,否
湖南,娄底市,双峰县,否
湖南,娄底市,新化县,否
湖南,湘西州,吉首市,否
湖南,湘西州,泸溪县,否
湖南,湘西州,凤凰县,否
湖南,湘西州,花垣县,否
湖南,湘西州,保靖县,否
湖南,湘西州,古丈县,否
湖南,湘西州,永顺县,否
湖南,湘西州,龙山县,否
湖南,耒阳市,耒阳市,否
湖南,耒阳市,蔡子池区,否
广东,广州市,越秀区,是
广东,广州市,荔湾区,是
广东,广州市,海珠区,是
广东,广州市,天河区,是
广东,广州市,白云区,是
广东,广州市,黄埔区,是
广东,广州市,番禺区,是
广东,广州市,花都区,是
广东,广州市,南沙区,是
广东,广州市,萝岗区,是
广东,广州市,增城市,是
广东,广州市,从化市,是
广东,深圳市,福田区,是
广东,深圳市,罗湖区,是
广东,深圳市,南山区,是
广东,深圳市,宝安区,是
广东,深圳市,龙岗区,是
广东,深圳市,盐田区,是
广东,深圳市,光明新区,是
广东,深圳市,坪山新区,是
广东,深圳市,大鹏新区,是
广东,深圳市,龙华新区,是
广东,珠海市,香洲区,是
广东,珠海市,斗门区,是
广东,珠海市,金湾区,是
广东,珠海市,金唐区,是
广东,汕头市,金平区,否
广东,汕头市,龙湖区,否
广东,汕头市,濠江区,否
广东,汕头市,潮阳区,否
广东,汕头市,潮南区,否
广东,汕头市,澄海区,否
广东,汕头市,南澳县,否
广东,韶关市,浈江区,否
广东,韶关市,武江区,否
广东,韶关市,曲江区,否
广东,韶关市,乐昌市,否
广东,韶关市,南雄市,否
广东,韶关市,始兴县,否
广东,韶关市,仁化县,否
广东,韶关市,翁源县,否
广东,韶关市,新丰县,否
广东,韶关市,乳源县,否
广东,佛山市,禅城区,是
广东,佛山市,南海区,是
广东,佛山市,顺德区,是
广东,佛山市,三水区,是
广东,佛山市,高明区,是
广东,江门市,江海区,否
广东,江门市,蓬江区,否
广东,江门市,新会区,否
广东,江门市,台山市,否
广东,江门市,开平市,否
广东,江门市,鹤山市,否
广东,江门市,恩平市,否
广东,湛江市,赤坎区,否
广东,湛江市,霞山区,否
广东,湛江市,坡头区,否
广东,湛江市,麻章区,否
广东,湛江市,廉江市,否
广东,湛江市,雷州市,否
广东,湛江市,吴川市,否
广东,湛江市,遂溪县,否
广东,湛江市,徐闻县,否
广东,湛江市,经济技术开发区,否
广东,茂名市,茂南区,否
广东,茂名市,茂港区,否
广东,茂名市,高州市,否
广东,茂名市,化州市,否
广东,茂名市,信宜市,否
广东,茂名市,电白县,否
广东,肇庆市,端州区,否
广东,肇庆市,鼎湖区,否
广东,肇庆市,高要市,否
广东,肇庆市,四会市,否
广东,肇庆市,广宁县,否
广东,肇庆市,怀集县,否
广东,肇庆市,封开县,否
广东,肇庆市,德庆县,否
广东,惠州市,惠城区,否
广东,惠州市,惠阳区,否
广东,惠州市,博罗县,否
广东,惠州市,惠东县,否
广东,惠州市,龙门县,否
广东,惠州市,大亚湾区,否
广东,梅州市,梅江区,否
广东,梅州市,兴宁市,否
广东,梅州市,梅县,否
广东,梅州市,大埔县,否
广东,梅州市,丰顺县,否
广东,梅州市,五华县,否
广东,梅州市,平远县,否
广东,梅州市,蕉岭县,否
广东,汕尾市,城区,否
广东,汕尾市,陆丰市,否
广东,汕尾市,海丰县,否
广东,汕尾市,陆河县,否
广东,河源市,源城区,否
广东,河源市,紫金县,否
广东,河源市,龙川县,否
广东,河源市,连平县,否
广东,河源市,和平县,否
广东,河源市,东源县,否
广东,阳江市,江城区,否
广东,阳江市,阳春市,否
广东,阳江市,阳西县,否
广东,阳江市,阳东县,否
广东,清远市,清城区,否
广东,清远市,英德市,否
广东,清远市,连州市,否
广东,清远市,佛冈县,否
广东,清远市,阳山县,否
广东,清远市,清新县,否
广东,清远市,连山壮族瑶族自治县,否
广东,清远市,连南瑶族自治县,否
广东,东莞市,市区,是
广东,东莞市,长安镇,是
广东,东莞市,常平镇,是
广东,东莞市,东城区,是
广东,东莞市,南城区,是
广东,东莞市,崇城区,是
广东,东莞市,万江区,是
广东,东莞市,其他地区,否
广东,中山市,中山市,否
广东,潮州市,湘桥区,否
广东,潮州市,潮安县,否
广东,潮州市,饶平县,否
广东,潮州市,枫溪区,否
广东,揭阳市,榕城区,否
广东,揭阳市,普宁市,否
广东,揭阳市,揭东县,否
广东,揭阳市,揭西县,否
广东,揭阳市,惠来县,否
广东,揭阳市,东山区,否
广东,云浮市,云城区,否
广东,云浮市,罗定市,否
广东,云浮市,新兴县,否
广东,云浮市,郁南县,否
广东,云浮市,云安县,否
广西,南宁市,青秀区,否
广西,南宁市,兴宁区,否
广西,南宁市,西乡塘区,否
广西,南宁市,良庆区,否
广西,南宁市,江南区,否
广西,南宁市,邕宁区,否
广西,南宁市,武鸣区,否
广西,南宁市,隆安县,否
广西,南宁市,马山县,否
广西,南宁市,上林县,否
广西,南宁市,宾阳县,否
广西,南宁市,横县,否
广西,柳州市,城中区,否
广西,柳州市,鱼峰区,否
广西,柳州市,柳北区,否
广西,柳州市,柳南区,否
广西,柳州市,柳江县,否
广西,柳州市,柳城县,否
广西,柳州市,鹿寨县,否
广西,柳州市,融安县,否
广西,柳州市,融水,否
广西,柳州市,三江,否
广西,桂林市,象山区,否
广西,桂林市,秀峰区,否
广西,桂林市,叠彩区,否
广西,桂林市,七星区,否
广西,桂林市,雁山区,否
广西,桂林市,阳朔县,否
广西,桂林市,临桂县,否
广西,桂林市,灵川县,否
广西,桂林市,全州县,否
广西,桂林市,平乐县,否
广西,桂林市,兴安县,否
广西,桂林市,灌阳县,否
广西,桂林市,荔浦县,否
广西,桂林市,资源县,否
广西,桂林市,永福县,否
广西,桂林市,龙胜县,否
广西,桂林市,恭城县,否
广西,梧州市,万秀区,否
广西,梧州市,蝶山区,否
广西,梧州市,长洲区,否
广西,梧州市,岑溪市,否
广西,梧州市,苍梧县,否
广西,梧州市,藤县,否
广西,梧州市,蒙山县,否
广西,北海市,海城区,否
广西,北海市,银海区,否
广西,北海市,铁山港区,否
广西,北海市,合浦县,否
广西,防城港区,洪口区,否
广西,防城港区,防城区,否
广西,防城港区,东兴市,否
广西,防城港区,上思县,否
广西,钦州市,钦南区,否
广西,钦州市,钦北区,否
广西,钦州市,灵山县,否
广西,钦州市,浦北县,否
广西,贵港市,港北区,否
广西,贵港市,港南区,否
广西,贵港市,覃塘区,否
广西,贵港市,桂平市,否
广西,贵港市,平南县,否
广西,玉林市,玉州区,否
广西,玉林市,北流市,否
广西,玉林市,容县,否
广西,玉林市,陆川县,否
广西,玉林市,博白县,否
广西,玉林市,兴业县,否
广西,百色市,右江区,否
广西,百色市,凌云县,否
广西,百色市,平果县,否
广西,百色市,西林县,否
广西,百色市,乐业县,否
广西,百色市,德保县,否
广西,百色市,田林县,否
广西,百色市,田阳县,否
广西,百色市,靖西县,否
广西,百色市,田东县,否
广西,百色市,那坡县,否
广西,百色市,隆林县,否
广西,贺州市,八步区,否
广西,贺州市,钟山县,否
广西,贺州市,昭平县,否
广西,贺州市,富川自治县,否
广西,贺州市,平桂管理区,否
广西,河池市,金城江区,否
广西,河池市,宜州市,否
广西,河池市,天峨县,否
广西,河池市,凤山县,否
广西,河池市,南丹县,否
广西,河池市,东兰县,否
广西,河池市,都安自治县,否
广西,河池市,罗城自治县,否
广西,河池市,巴马自治县,否
广西,河池市,环江自治县,否
广西,河池市,大化自治县,否
广西,来宾市,兴宾区,否
广西,来宾市,合山市,否
广西,来宾市,象州县,否
广西,来宾市,武宣县,否
广西,来宾市,忻城县,否
广西,来宾市,金秀自治县,否
广西,崇左市,江州区,否
广西,崇左市,凭祥市,否
广西,崇左市,宁明县,否
广西,崇左市,扶绥县,否
广西,崇左市,龙州县,否
广西,崇左市,大新县,否
广西,崇左市,天等县,否
海南,海口市,龙华区,否
海南,海口市,秀英区,否
海南,海口市,琼山区,否
海南,海口市,美兰区,否
海南,三亚市,三亚市,否
海南,文昌市,文昌市,否
海南,琼海市,琼海市,否
海南,万宁市,万宁市,否
海南,五指山市,五指山市,否
海南,东方市,东方市,否
海南,儋州市,儋州市,否
海南,临高县,临高县,否
海南,澄迈县,澄迈县,否
海南,定安县,定安县,否
海南,屯昌县,屯昌县,否
海南,昌江县,昌江县,否
海南,白沙县,白沙县,否
海南,琼中县,琼中县,否
海南,陵水县,陵水县,否
海南,保亭县,保亭县,否
海南,乐东县,乐东县,否
海南,三沙市,三沙市,否
重庆,重庆,渝中区,否
重庆,重庆,大渡口区,否
重庆,重庆,江北区,否
重庆,重庆,沙坪坝区,否
重庆,重庆,九龙坡区,否
重庆,重庆,南岸区,否
重庆,重庆,北碚区,否
重庆,重庆,双桥区,否
重庆,重庆,渝北区,否
重庆,重庆,巴南区,否
重庆,重庆,万州区,否
重庆,重庆,涪陵区,否
重庆,重庆,黔江区,否
重庆,重庆,长寿区,否
重庆,重庆,江津区,否
重庆,重庆,合川区,否
重庆,重庆,永川区,否
重庆,重庆,南川区,否
重庆,重庆,綦江县,否
重庆,重庆,潼南县,否
重庆,重庆,铜梁县,否
重庆,重庆,大足区,否
重庆,重庆,荣昌县,否
重庆,重庆,壁山县,否
重庆,重庆,梁平县,否
重庆,重庆,城口县,否
重庆,重庆,垫江县,否
重庆,重庆,武隆县,否
重庆,重庆,忠县,否
重庆,重庆,开县,否
重庆,重庆,云阳县,否
重庆,重庆,奉节县,否
重庆,重庆,巫山县,否
重庆,重庆,巫溪县,否
重庆,重庆,石柱县,否
重庆,重庆,酉阳县,否
重庆,重庆,彭水县,否
重庆,重庆,高新区,否
重庆,重庆,北部新区,否
重庆,重庆,丰都县,否
重庆,重庆,秀山县,否
四川,成都市,锦江区,否
四川,成都市,青羊区,否
四川,成都市,金牛区,否
四川,成都市,武侯区,否
四川,成都市,成华区,否
四川,成都市,龙泉驿区,否
四川,成都市,青白江区,否
四川,成都市,新都区,否
四川,成都市,温江区,否
四川,成都市,都江堰市,否
四川,成都市,彭州市,否
四川,成都市,邛崃市,否
四川,成都市,崇州市,否
四川,成都市,金堂县,否
四川,成都市,双流县,否
四川,成都市,郫县,否
四川,成都市,大邑县,否
四川,成都市,蒲江县,否
四川,成都市,新津县,否
四川,成都市,高新西区,否
四川,成都市,高新区,否
四川,自贡市,自流井区,否
四川,自贡市,贡井区,否
四川,自贡市,大安区,否
四川,自贡市,沿滩区,否
四川,自贡市,荣县,否
四川,自贡市,富顺县,否
四川,攀枝花市,东区,否
四川,攀枝花市,西区,否
四川,攀枝花市,仁和区,否
四川,攀枝花市,米易县,否
四川,攀枝花市,盐边县,否
四川,泸州市,江阳区,否
四川,泸州市,纳溪区,否
四川,泸州市,龙马潭区,否
四川,泸州市,泸县,否
四川,泸州市,合江县,否
四川,泸州市,叙永县,否
四川,泸州市,古蔺县,否
四川,德阳市,旌阳区,否
四川,德阳市,广汉市,否
四川,德阳市,什邡市,否
四川,德阳市,绵竹市,否
四川,德阳市,罗江县,否
四川,德阳市,中江县,否
四川,绵阳市,涪城区,否
四川,绵阳市,游仙区,否
四川,绵阳市,江油市,否
四川,绵阳市,三台县,否
四川,绵阳市,盐亭县,否
四川,绵阳市,安县,否
四川,绵阳市,梓潼县,否
四川,绵阳市,平武县,否
四川,绵阳市,北川羌族自治县,否
四川,绵阳市,高新区,否
四川,绵阳市,经开区,否
四川,广元市,利州区,否
四川,广元市,元坝区,否
四川,广元市,朝天区,否
四川,广元市,旺苍县,否
四川,广元市,青川县,否
四川,广元市,剑阁县,否
四川,广元市,苍溪县,否
四川,遂宁市,船山区,否
四川,遂宁市,安居区,否
四川,遂宁市,蓬溪县,否
四川,遂宁市,射洪县,否
四川,遂宁市,大英县,否
四川,内江市,市中区,否
四川,内江市,东兴区,否
四川,内江市,威远县,否
四川,内江市,资中县,否
四川,内江市,隆昌县,否
四川,乐山市,市中区,否
四川,乐山市,沙湾区,否
四川,乐山市,五通桥区,否
四川,乐山市,金口河区,否
四川,乐山市,峨眉山市,否
四川,乐山市,犍为县,否
四川,乐山市,井研县,否
四川,乐山市,夹江县,否
四川,乐山市,沐川县,否
四川,乐山市,峨边县,否
四川,乐山市,马边县,否
四川,南充市,顺庆区,否
四川,南充市,高坪区,否
四川,南充市,嘉陵区,否
四川,南充市,阆中市,否
四川,南充市,南部县,否
四川,南充市,营山县,否
四川,南充市,蓬安县,否
四川,南充市,仪陇县,否
四川,南充市,西充县,否
四川,宜宾市,翠屏区,否
四川,宜宾市,宜宾县,否
四川,宜宾市,南溪县,否
四川,宜宾市,江安县,否
四川,宜宾市,长宁县,否
四川,宜宾市,高县,否
四川,宜宾市,珙县,否
四川,宜宾市,筠连县,否
四川,宜宾市,兴文县,否
四川,宜宾市,屏山县,否
四川,广安市,广安区,否
四川,广安市,华蓥市,否
四川,广安市,岳池县,否
四川,广安市,武胜县,否
四川,广安市,邻水县,否
四川,达州市,通川区,否
四川,达州市,万源市,否
四川,达州市,达县,否
四川,达州市,宣汉县,否
四川,达州市,开江县,否
四川,达州市,大竹县,否
四川,达州市,渠县,否
四川,眉山市,东坡区,否
四川,眉山市,仁寿县,否
四川,眉山市,彭山县,否
四川,眉山市,洪雅县,否
四川,眉山市,丹棱县,否
四川,眉山市,青神县,否
四川,雅安市,雨城区,否
四川,雅安市,名山县,否
四川,雅安市,荥经县,否
四川,雅安市,汉源县,否
四川,雅安市,石棉县,否
四川,雅安市,天全县,否
四川,雅安市,芦山县,否
四川,雅安市,宝兴县,否
四川,巴中市,巴州区,否
四川,巴中市,通江县,否
四川,巴中市,南江县,否
四川,巴中市,平昌县,否
四川,资阳市,雁江区,否
四川,资阳市,简阳市,否
四川,资阳市,安岳县,否
四川,资阳市,乐至县,否
四川,阿坝州,马尔康县,否
四川,阿坝州,汶川县,否
四川,阿坝州,理县,否
四川,阿坝州,茂县,否
四川,阿坝州,松潘县,否
四川,阿坝州,九寨沟县,否
四川,阿坝州,金川县,否
四川,阿坝州,小金县,否
四川,阿坝州,黑水县,否
四川,阿坝州,壤塘县,否
四川,阿坝州,阿坝县,否
四川,阿坝州,若尔盖县,否
四川,阿坝州,红原县,否
四川,甘孜州,康定县,否
四川,甘孜州,泸定县,否
四川,甘孜州,丹巴县,否
四川,甘孜州,九龙县,否
四川,甘孜州,雅江县,否
四川,甘孜州,道孚县,否
四川,甘孜州,炉霍县,否
四川,甘孜州,甘孜县,否
四川,甘孜州,新龙县,否
四川,甘孜州,德格县,否
四川,甘孜州,白玉县,否
四川,甘孜州,石渠县,否
四川,甘孜州,色达县,否
四川,甘孜州,理塘县,否
四川,甘孜州,巴塘县,否
四川,甘孜州,乡城县,否
四川,甘孜州,稻城县,否
四川,甘孜州,得荣县,否
四川,凉山州,西昌市,否
四川,凉山州,盐源县,否
四川,凉山州,德昌县,否
四川,凉山州,会理县,否
四川,凉山州,会东县,否
四川,凉山州,宁南县,否
四川,凉山州,普格县,否
四川,凉山州,布拖县,否
四川,凉山州,金阳县,否
四川,凉山州,昭觉县,否
四川,凉山州,喜德县,否
四川,凉山州,冕宁县,否
四川,凉山州,越西县,否
四川,凉山州,甘洛县,否
四川,凉山州,美姑县,否
四川,凉山州,雷波县,否
四川,凉山州,木里自治县,否
贵州,贵阳市,乌当区,否
贵州,贵阳市,南明区,否
贵州,贵阳市,云岩区,否
贵州,贵阳市,花溪区,否
贵州,贵阳市,白云区,否
贵州,贵阳市,小河区,否
贵州,贵阳市,清镇市,否
贵州,贵阳市,开阳县,否
贵州,贵阳市,息烽县,否
贵州,贵阳市,修文县,否
贵州,贵阳市,金阳新区,否
贵州,六盘水市,钟山区,否
贵州,六盘水市,六枝特区,否
贵州,六盘水市,水城县,否
贵州,六盘水市,盘县,否
贵州,遵义市,红花岗区,否
贵州,遵义市,汇川区,否
贵州,遵义市,赤水市,否
贵州,遵义市,仁怀市,否
贵州,遵义市,遵义县,否
贵州,遵义市,桐梓县,否
贵州,遵义市,绥阳县,否
贵州,遵义市,正安县,否
贵州,遵义市,凤冈县,否
贵州,遵义市,湄潭县,否
贵州,遵义市,余庆县,否
贵州,遵义市,习水县,否
贵州,遵义市,道真县,否
贵州,遵义市,务川县,否
贵州,安顺市,西秀区,否
贵州,安顺市,平坝县,否
贵州,安顺市,普定县,否
贵州,安顺市,镇宁县,否
贵州,安顺市,关岭县,否
贵州,安顺市,紫云县,否
贵州,铜仁地区,铜仁市,否
贵州,铜仁地区,江口县,否
贵州,铜仁地区,石阡县,否
贵州,铜仁地区,思南县,否
贵州,铜仁地区,德江县,否
贵州,铜仁地区,玉屏县,否
贵州,铜仁地区,印江县,否
贵州,铜仁地区,沿河县,否
贵州,铜仁地区,松桃县,否
贵州,铜仁地区,万山区,否
贵州,毕节地区,毕节市,否
贵州,毕节地区,大方县,否
贵州,毕节地区,黔西县,否
贵州,毕节地区,金沙县,否
贵州,毕节地区,织金县,否
贵州,毕节地区,纳雍县,否
贵州,毕节地区,赫章县,否
贵州,毕节地区,威宁县,否
贵州,黔西南州,兴义市,否
贵州,黔西南州,兴仁县,否
贵州,黔西南州,普安县,否
贵州,黔西南州,晴隆县,否
贵州,黔西南州,贞丰县,否
贵州,黔西南州,望谟县,否
贵州,黔西南州,册亨县,否
贵州,黔西南州,安龙县,否
贵州,黔东南州,凯里市,否
贵州,黔东南州,黄平县,否
贵州,黔东南州,施秉县,否
贵州,黔东南州,三穗县,否
贵州,黔东南州,镇远县,否
贵州,黔东南州,岑巩县,否
贵州,黔东南州,天柱县,否
贵州,黔东南州,锦屏县,否
贵州,黔东南州,剑河县,否
贵州,黔东南州,台江县,否
贵州,黔东南州,黎平县,否
贵州,黔东南州,榕江县,否
贵州,黔东南州,从江县,否
贵州,黔东南州,雷山县,否
贵州,黔东南州,麻江县,否
贵州,黔东南州,丹寨县,否
贵州,黔南州,都匀市,否
贵州,黔南州,福泉市,否
贵州,黔南州,荔波县,否
贵州,黔南州,贵定县,否
贵州,黔南州,瓮安县,否
贵州,黔南州,独山县,否
贵州,黔南州,平塘县,否
贵州,黔南州,罗甸县,否
贵州,黔南州,长顺县,否
贵州,黔南州,龙里县,否
贵州,黔南州,惠水县,否
贵州,黔南州,三都县,否
云南,昆明市,五华区,否
云南,昆明市,盘龙区,否
云南,昆明市,官渡区,否
云南,昆明市,西山区,否
云南,昆明市,东川区,否
云南,昆明市,安宁市,否
云南,昆明市,呈贡县,否
云南,昆明市,晋宁县,否
云南,昆明市,富民县,否
云南,昆明市,宜良县,否
云南,昆明市,嵩明县,否
云南,昆明市,石林县,否
云南,昆明市,禄劝县,否
云南,昆明市,寻甸县,否
云南,曲靖市,麒麟区,否
云南,曲靖市,宣威市,否
云南,曲靖市,马龙县,否
云南,曲靖市,陆良县,否
云南,曲靖市,师宗县,否
云南,曲靖市,罗平县,否
云南,曲靖市,富源县,否
云南,曲靖市,会泽县,否
云南,曲靖市,沾益县,否
云南,玉溪市,红塔区,否
云南,玉溪市,江川县,否
云南,玉溪市,澄江县,否
云南,玉溪市,通海县,否
云南,玉溪市,华宁县,否
云南,玉溪市,易门县,否
云南,玉溪市,峨山县,否
云南,玉溪市,新平县,否
云南,玉溪市,元江县,否
云南,保山市,隆阳区,否
云南,保山市,施甸县,否
云南,保山市,腾冲县,否
云南,保山市,龙陵县,否
云南,保山市,昌宁县,否
云南,昭通市,昭阳区,否
云南,昭通市,鲁甸县,否
云南,昭通市,巧家县,否
云南,昭通市,盐津县,否
云南,昭通市,大关县,否
云南,昭通市,永善县,否
云南,昭通市,绥江县,否
云南,昭通市,镇雄县,否
云南,昭通市,彝良县,否
云南,昭通市,威信县,否
云南,昭通市,水富县,否
云南,丽江市,古城区,否
云南,丽江市,永胜县,否
云南,丽江市,华坪县,否
云南,丽江市,玉龙县,否
云南,丽江市,宁蒗县,否
云南,普洱市,思茅区,否
云南,普洱市,宁洱县,否
云南,普洱市,墨江县,否
云南,普洱市,景东县,否
云南,普洱市,景谷县,否
云南,普洱市,镇沅县,否
云南,普洱市,江城县,否
云南,普洱市,孟连县,否
云南,普洱市,澜沧县,否
云南,普洱市,西盟县,否
云南,临沧市,临翔区,否
云南,临沧市,凤庆县,否
云南,临沧市,云县,否
云南,临沧市,永德县,否
云南,临沧市,镇康县,否
云南,临沧市,双江县,否
云南,临沧市,耿马县,否
云南,临沧市,沧源县,否
云南,文山州,文山县,否
云南,文山州,砚山县,否
云南,文山州,西畴县,否
云南,文山州,麻栗坡,否
云南,文山州,马关县,否
云南,文山州,丘北县,否
云南,文山州,广南县,否
云南,文山州,富宁县,否
云南,红河州,蒙自县,否
云南,红河州,个旧市,否
云南,红河州,开远市,否
云南,红河州,绿春县,否
云南,红河州,建水县,否
云南,红河州,石屏县,否
云南,红河州,弥勒县,否
云南,红河州,泸西县,否
云南,红河州,元阳县,否
云南,红河州,红河县,否
云南,红河州,金平县,否
云南,红河州,河口县,否
云南,红河州,屏边县,否
云南,西双版纳,景洪市,否
云南,西双版纳,勐海县,否
云南,西双版纳,勐腊县,否
云南,楚雄州,楚雄市,否
云南,楚雄州,双柏县,否
云南,楚雄州,牟定县,否
云南,楚雄州,南华县,否
云南,楚雄州,姚安县,否
云南,楚雄州,大姚县,否
云南,楚雄州,永仁县,否
云南,楚雄州,元谋县,否
云南,楚雄州,武定县,否
云南,楚雄州,禄丰县,否
云南,大理州,大理市,否
云南,大理州,祥云县,否
云南,大理州,宾川县,否
云南,大理州,弥渡县,否
云南,大理州,永平县,否
云南,大理州,云龙县,否
云南,大理州,洱源县,否
云南,大理州,剑川县,否
云南,大理州,鹤庆县,否
云南,大理州,漾濞县,否
云南,大理州,南涧县,否
云南,大理州,巍山县,否
云南,德宏州,潞西市,否
云南,德宏州,瑞丽市,否
云南,德宏州,梁河县,否
云南,德宏州,盈江县,否
云南,德宏州,陇川县,否
云南,怒江州,泸水县,否
云南,怒江州,福贡县,否
云南,怒江州,贡山县,否
云南,怒江州,兰坪县,否
云南,迪庆州,香格里拉县,否
云南,迪庆州,德钦县,否
云南,迪庆州,维西县,否
西藏,拉萨市,城关区,否
西藏,拉萨市,林周县,否
西藏,拉萨市,当雄县,否
西藏,拉萨市,尼木县,否
西藏,拉萨市,曲水县,否
西藏,拉萨市,堆龙德庆县,否
西藏,拉萨市,达孜县,否
西藏,拉萨市,墨竹工卡县,否
西藏,昌都地区,昌都县,否
西藏,昌都地区,江达县,否
西藏,昌都地区,贡觉县,否
西藏,昌都地区,类乌齐县,否
西藏,昌都地区,丁青县,否
西藏,昌都地区,察雅县,否
西藏,昌都地区,八宿县,否
西藏,昌都地区,左贡县,否
西藏,昌都地区,芒康县,否
西藏,昌都地区,洛隆县,否
西藏,昌都地区,边坝县,否
西藏,山南地区,贡嘎县,否
西藏,山南地区,扎囊县,否
西藏,山南地区,乃东县,否
西藏,山南地区,桑日县,否
西藏,山南地区,琼结县,否
西藏,山南地区,曲松县,否
西藏,山南地区,措美县,否
西藏,山南地区,洛扎县,否
西藏,山南地区,加查县,否
西藏,山南地区,隆子县,否
西藏,山南地区,错那县,否
西藏,山南地区,浪卡子县,否
西藏,日喀则地区,日喀则市,否
西藏,日喀则地区,南木林县,否
西藏,日喀则地区,江孜县,否
西藏,日喀则地区,定日县,否
西藏,日喀则地区,萨迦县,否
西藏,日喀则地区,拉孜县,否
西藏,日喀则地区,昂仁县,否
西藏,日喀则地区,谢通门县,否
西藏,日喀则地区,白朗县,否
西藏,日喀则地区,仁布县,否
西藏,日喀则地区,康马县,否
西藏,日喀则地区,定结县,否
西藏,日喀则地区,仲巴县,否
西藏,日喀则地区,亚东县,否
西藏,日喀则地区,吉隆县,否
西藏,日喀则地区,聂拉木县,否
西藏,日喀则地区,萨嘎县,否
西藏,日喀则地区,岗巴县,否
西藏,那曲地区,索县,否
西藏,那曲地区,那曲县,否
西藏,那曲地区,嘉黎县,否
西藏,那曲地区,比如县,否
西藏,那曲地区,聂荣县,否
西藏,那曲地区,安多县,否
西藏,那曲地区,申扎县,否
西藏,那曲地区,班戈县,否
西藏,那曲地区,巴青县,否
西藏,那曲地区,尼玛县,否
西藏,阿里地区,普兰县,否
西藏,阿里地区,札达县,否
西藏,阿里地区,噶尔县,否
西藏,阿里地区,日土县,否
西藏,阿里地区,革吉县,否
西藏,阿里地区,改则县,否
西藏,阿里地区,措勤县,否
西藏,林芝地区,林芝县,否
西藏,林芝地区,工布江达县,否
西藏,林芝地区,米林县,否
西藏,林芝地区,墨脱县,否
西藏,林芝地区,波密县,否
西藏,林芝地区,察隅县,否
西藏,林芝地区,朗县,否
陕西,西安市,未央区,否
陕西,西安市,新城区,否
陕西,西安市,碑林区,否
陕西,西安市,莲湖区,否
陕西,西安市,灞桥区,否
陕西,西安市,雁塔区,否
陕西,西安市,阎良区,否
陕西,西安市,临潼区,否
陕西,西安市,长安区,否
陕西,西安市,蓝田县,否
陕西,西安市,周至县,否
陕西,西安市,户县,否
陕西,西安市,高陵县,否
陕西,西安市,杨凌农业示范区,否
陕西,铜川市,耀州区,否
陕西,铜川市,王益区,否
陕西,铜川市,印台区,否
陕西,铜川市,宜君县,否
陕西,宝鸡市,渭滨区,否
陕西,宝鸡市,金台区,否
陕西,宝鸡市,陈仓区,否
陕西,宝鸡市,凤翔县,否
陕西,宝鸡市,岐山县,否
陕西,宝鸡市,扶风县,否
陕西,宝鸡市,眉县,否
陕西,宝鸡市,陇县,否
陕西,宝鸡市,千阳县,否
陕西,宝鸡市,麟游县,否
陕西,宝鸡市,凤县,否
陕西,宝鸡市,太白县,否
陕西,咸阳市,秦都区,否
陕西,咸阳市,杨陵区,否
陕西,咸阳市,渭城区,否
陕西,咸阳市,兴平市,否
陕西,咸阳市,三原县,否
陕西,咸阳市,泾阳县,否
陕西,咸阳市,乾县,否
陕西,咸阳市,礼泉县,否
陕西,咸阳市,永寿县,否
陕西,咸阳市,彬县,否
陕西,咸阳市,长武县,否
陕西,咸阳市,旬邑县,否
陕西,咸阳市,淳化县,否
陕西,咸阳市,武功县,否
陕西,渭南市,临渭区,否
陕西,渭南市,韩城市,否
陕西,渭南市,华阴市,否
陕西,渭南市,华县,否
陕西,渭南市,潼关县,否
陕西,渭南市,大荔县,否
陕西,渭南市,合阳县,否
陕西,渭南市,澄城县,否
陕西,渭南市,蒲城县,否
陕西,渭南市,白水县,否
陕西,渭南市,富平县,否
陕西,延安市,宝塔区,否
陕西,延安市,延长县,否
陕西,延安市,延川县,否
陕西,延安市,子长县,否
陕西,延安市,安塞县,否
陕西,延安市,志丹县,否
陕西,延安市,吴起县,否
陕西,延安市,甘泉县,否
陕西,延安市,富县,否
陕西,延安市,洛川县,否
陕西,延安市,宜川县,否
陕西,延安市,黄龙县,否
陕西,延安市,黄陵县,否
陕西,汉中市,汉台区,否
陕西,汉中市,南郑县,否
陕西,汉中市,城固县,否
陕西,汉中市,洋县,否
陕西,汉中市,西乡县,否
陕西,汉中市,勉县,否
陕西,汉中市,宁强县,否
陕西,汉中市,略阳县,否
陕西,汉中市,镇巴县,否
陕西,汉中市,留坝县,否
陕西,汉中市,佛坪县,否
陕西,榆林市,榆阳区,否
陕西,榆林市,神木县,否
陕西,榆林市,府谷县,否
陕西,榆林市,横山县,否
陕西,榆林市,靖边县,否
陕西,榆林市,定边县,否
陕西,榆林市,绥德县,否
陕西,榆林市,米脂县,否
陕西,榆林市,佳县,否
陕西,榆林市,吴堡县,否
陕西,榆林市,清涧县,否
陕西,榆林市,子洲县,否
陕西,安康市,汉滨区,否
陕西,安康市,汉阴县,否
陕西,安康市,石泉县,否
陕西,安康市,宁陕县,否
陕西,安康市,紫阳县,否
陕西,安康市,岚皋县,否
陕西,安康市,平利县,否
陕西,安康市,镇坪县,否
陕西,安康市,旬阳县,否
陕西,安康市,白河县,否
陕西,商洛市,商州区,否
陕西,商洛市,洛南县,否
陕西,商洛市,丹凤县,否
陕西,商洛市,商南县,否
陕西,商洛市,山阳县,否
陕西,商洛市,镇安县,否
陕西,商洛市,柞水县,否
甘肃,兰州市,城关区,否
甘肃,兰州市,七里河区,否
甘肃,兰州市,西固区,否
甘肃,兰州市,安宁区,否
甘肃,兰州市,红古区,否
甘肃,兰州市,永登县,否
甘肃,兰州市,皋兰县,否
甘肃,兰州市,榆中县,否
甘肃,嘉峪关市,雄关区,否
甘肃,嘉峪关市,长城区,否
甘肃,嘉峪关市,镜铁区,否
甘肃,金昌市,金川区,否
甘肃,金昌市,永昌县,否
甘肃,白银市,白银区,否
甘肃,白银市,平川区,否
甘肃,白银市,靖远县,否
甘肃,白银市,会宁县,否
甘肃,白银市,景泰县,否
甘肃,天水市,秦州区,否
甘肃,天水市,麦积区,否
甘肃,天水市,清水县,否
甘肃,天水市,秦安县,否
甘肃,天水市,甘谷县,否
甘肃,天水市,武山县,否
甘肃,天水市,张家川县,否
甘肃,武威市,凉州区,否
甘肃,武威市,民勤县,否
甘肃,武威市,古浪县,否
甘肃,武威市,天祝县,否
甘肃,张掖市,甘州区,否
甘肃,张掖市,民乐县,否
甘肃,张掖市,临泽县,否
甘肃,张掖市,高台县,否
甘肃,张掖市,山丹县,否
甘肃,张掖市,肃南县,否
甘肃,平凉市,崆峒区,否
甘肃,平凉市,泾川县,否
甘肃,平凉市,灵台县,否
甘肃,平凉市,崇信县,否
甘肃,平凉市,华亭县,否
甘肃,平凉市,庄浪县,否
甘肃,平凉市,静宁县,否
甘肃,平凉市,镇原县,否
甘肃,酒泉市,肃州区,否
甘肃,酒泉市,玉门市,否
甘肃,酒泉市,敦煌市,否
甘肃,酒泉市,金塔县,否
甘肃,酒泉市,瓜州县,否
甘肃,酒泉市,肃北县,否
甘肃,酒泉市,阿克塞县,否
甘肃,庆阳市,西峰区,否
甘肃,庆阳市,庆城县,否
甘肃,庆阳市,环县,否
甘肃,庆阳市,华池县,否
甘肃,庆阳市,合水县,否
甘肃,庆阳市,正宁县,否
甘肃,庆阳市,宁县,否
甘肃,庆阳市,镇原县,否
甘肃,定西市,安定区,否
甘肃,定西市,通渭县,否
甘肃,定西市,陇西县,否
甘肃,定西市,渭源县,否
甘肃,定西市,临洮县,否
甘肃,定西市,漳县,否
甘肃,定西市,岷县,否
甘肃,陇南市,武都区,否
甘肃,陇南市,成县,否
甘肃,陇南市,文县,否
甘肃,陇南市,宕昌县,否
甘肃,陇南市,康县,否
甘肃,陇南市,西和县,否
甘肃,陇南市,礼县,否
甘肃,陇南市,徽县,否
甘肃,陇南市,两当县,否
甘肃,临夏州,临夏市,否
甘肃,临夏州,临夏县,否
甘肃,临夏州,康乐县,否
甘肃,临夏州,永靖县,否
甘肃,临夏州,广河县,否
甘肃,临夏州,和政县,否
甘肃,临夏州,东乡县,否
甘肃,临夏州,积石山,否
甘肃,甘南州,合作市,否
甘肃,甘南州,临潭县,否
甘肃,甘南州,卓尼县,否
甘肃,甘南州,舟曲县,否
甘肃,甘南州,迭部县,否
甘肃,甘南州,玛曲县,否
甘肃,甘南州,碌曲县,否
甘肃,甘南州,夏河县,否
青海,西宁市,湟中县,否
青海,西宁市,湟源县,否
青海,西宁市,大通县,否
青海,西宁市,城中区,否
青海,西宁市,城东区,否
青海,西宁市,城西区,否
青海,西宁市,城北区,否
青海,海东地区,平安县,否
青海,海东地区,乐都县,否
青海,海东地区,民和县,否
青海,海东地区,互助县,否
青海,海东地区,化隆县,否
青海,海东地区,循化县,否
青海,海北州,海晏县,否
青海,海北州,祁连县,否
青海,海北州,刚察县,否
青海,海北州,门源县,否
青海,黄南州,同仁县,否
青海,黄南州,尖扎县,否
青海,黄南州,泽库县,否
青海,黄南州,河南县,否
青海,海南州,共和县,否
青海,海南州,同德县,否
青海,海南州,贵德县,否
青海,海南州,兴海县,否
青海,海南州,贵南县,否
青海,果洛州,玛沁县,否
青海,果洛州,班玛县,否
青海,果洛州,甘德县,否
青海,果洛州,达日县,否
青海,果洛州,久治县,否
青海,果洛州,玛多县,否
青海,玉树州,玉树县,否
青海,玉树州,杂多县,否
青海,玉树州,称多县,否
青海,玉树州,治多县,否
青海,玉树州,囊谦县,否
青海,玉树州,曲麻莱县,否
青海,海西州,德令哈市,否
青海,海西州,乌兰县,否
青海,海西州,天峻县,否
青海,海西州,都兰县,否
青海,海西州,大柴旦行委,否
青海,海西州,冷湖行委,否
青海,海西州,茫崖行委,否
青海,海西州,格尔木市,否
宁夏,银川市,灵武市,否
宁夏,银川市,永宁县,否
宁夏,银川市,贺兰县,否
宁夏,银川市,兴庆区,否
宁夏,银川市,金凤区,否
宁夏,银川市,西夏区,否
宁夏,石嘴山市,平罗县,否
宁夏,石嘴山市,惠农区,否
宁夏,石嘴山市,大武口区,否
宁夏,吴忠市,利通区,否
宁夏,吴忠市,红寺堡区,否
宁夏,吴忠市,盐池县,否
宁夏,吴忠市,同心县,否
宁夏,吴忠市,青铜峡市,否
宁夏,固原市,西吉县,否
宁夏,固原市,隆德县,否
宁夏,固原市,泾源县,否
宁夏,固原市,彭阳县,否
宁夏,固原市,原州区,否
宁夏,中卫市,中宁县,否
宁夏,中卫市,海原县,否
宁夏,中卫市,沙坡头区,否
新疆,乌鲁木齐,乌鲁木齐县,否
新疆,乌鲁木齐,头屯河区,否
新疆,乌鲁木齐,达坂城区,否
新疆,乌鲁木齐,米东区,否
新疆,乌鲁木齐,天山区,否
新疆,乌鲁木齐,新市区,否
新疆,乌鲁木齐,沙依巴克区,否
新疆,乌鲁木齐,水磨沟区,否
新疆,克拉玛依,克拉玛依区,否
新疆,克拉玛依,独山子区,否
新疆,克拉玛依,白碱滩区,否
新疆,克拉玛依,乌尔禾区,否
新疆,吐鲁番地区,吐鲁番市,否
新疆,吐鲁番地区,托克逊县,否
新疆,吐鲁番地区,鄯善县,否
新疆,哈密地区,哈密市,否
新疆,哈密地区,巴里昆县,否
新疆,哈密地区,伊吾县,否
新疆,昌吉州,昌吉市,否
新疆,昌吉州,阜康市,否
新疆,昌吉州,奇台县,否
新疆,昌吉州,玛纳斯县,否
新疆,昌吉州,吉木萨尔县,否
新疆,昌吉州,呼图壁县,否
新疆,昌吉州,木垒县,否
新疆,博尔塔拉州,博乐市,否
新疆,博尔塔拉州,精河县,否
新疆,博尔塔拉州,温泉县,否
新疆,巴音郭楞州,库尔勒市,否
新疆,巴音郭楞州,尉犁县,否
新疆,巴音郭楞州,和静县,否
新疆,巴音郭楞州,博湖县,否
新疆,巴音郭楞州,和硕县,否
新疆,巴音郭楞州,轮台县,否
新疆,巴音郭楞州,若羌县,否
新疆,巴音郭楞州,且末县,否
新疆,巴音郭楞州,焉耆县,否
新疆,和田地区,和田市,否
新疆,和田地区,和田县,否
新疆,和田地区,墨玉县,否
新疆,和田地区,皮山县,否
新疆,和田地区,洛浦县,否
新疆,和田地区,策勒县,否
新疆,和田地区,于田县,否
新疆,和田地区,民丰县,否
新疆,阿克苏地区,阿克苏市,否
新疆,阿克苏地区,温宿县,否
新疆,阿克苏地区,沙雅县,否
新疆,阿克苏地区,拜城县,否
新疆,阿克苏地区,阿瓦提县,否
新疆,阿克苏地区,库车县,否
新疆,阿克苏地区,柯坪县,否
新疆,阿克苏地区,新和县,否
新疆,阿克苏地区,乌什县,否
新疆,阿克苏地区,阿拉尔市,否
新疆,克孜勒苏州,阿图什市,否
新疆,克孜勒苏州,阿合奇县,否
新疆,克孜勒苏州,乌恰县,否
新疆,克孜勒苏州,阿克陶县,否
新疆,喀什地区,克孜勒苏柯尔克孜,否
新疆,喀什地区,巴音郭楞,否
新疆,喀什地区,昌吉,否
新疆,喀什地区,博尔塔拉,否
新疆,喀什地区,伊犁,否
新疆,喀什地区,塔城,否
新疆,喀什地区,阿勒泰,否
新疆,伊犁州,伊宁市,否
新疆,伊犁州,特克斯县,否
新疆,伊犁州,尼勒克县,否
新疆,伊犁州,昭苏县,否
新疆,伊犁州,新源县,否
新疆,伊犁州,霍城县,否
新疆,伊犁州,察布查尔县,否
新疆,伊犁州,巩留县,否
新疆,伊犁州,奎屯市,否
新疆,伊犁州,伊宁县,否
新疆,塔城地区,塔城市,否
新疆,塔城地区,乌苏市,否
新疆,塔城地区,额敏县,否
新疆,塔城地区,裕民县,否
新疆,塔城地区,沙湾县,否
新疆,塔城地区,托里县,否
新疆,塔城地区,和布克赛尔县,否
新疆,阿勒泰地区,阿勒泰市,否
新疆,阿勒泰地区,富蕴县,否
新疆,阿勒泰地区,青河县,否
新疆,阿勒泰地区,吉木乃县,否
新疆,阿勒泰地区,布尔津县,否
新疆,阿勒泰地区,福海县,否
新疆,阿勒泰地区,哈巴河县,否
新疆,阿勒泰地区,北屯市,否
新疆,石河子市,石河子市,否
新疆,阿拉尔市,阿拉尔市,否
新疆,图林舒克,图林舒克,否
新疆,五家渠市,五家渠市,否
香港,香港,香港,否
澳门,澳门,澳门,否
台湾,台湾,台湾,否
海外,海外,海外,否